DATE,VALUE
2000-01-03,7.28291
2000-01-04,7.24381
2000-01-05,7.24573
2000-01-06,7.24669
2000-01-07,7.27342
2000-01-10,7.28455
2000-01-11,7.27140
2000-01-12,7.26700
2000-01-13,7.27910
2000-01-14,7.28971
2000-01-18,7.28286
2000-01-19,7.28338
2000-01-20,7.27626
2000-01-21,7.27334
2000-01-24,7.24532
2000-01-25,7.25137
2000-01-26,7.24714
2000-01-27,7.24320
2000-01-28,7.21536
2000-01-31,7.24026
2000-02-01,7.25083
2000-02-02,7.25072
2000-02-03,7.26191
2000-02-04,7.26148
2000-02-07,7.26139
2000-02-08,7.27359
2000-02-09,7.25255
2000-02-10,7.25618
2000-02-11,7.23498
2000-02-14,7.23702
2000-02-15,7.24569
2000-02-16,7.23538
2000-02-17,7.23581
2000-02-18,7.20496
2000-02-22,7.20947
2000-02-23,7.21575
2000-02-24,7.21040
2000-02-25,7.19546
2000-02-28,7.20641
2000-02-29,7.21995
2000-03-01,7.22925
2000-03-02,7.23111
2000-03-03,7.25076
2000-03-06,7.23798
2000-03-07,7.21201
2000-03-08,7.22015
2000-03-09,7.24543
2000-03-10,7.24070
2000-03-13,7.23246
2000-03-14,7.21461
2000-03-15,7.23860
2000-03-16,7.28514
2000-03-17,7.28925
2000-03-20,7.28388
2000-03-21,7.30913
2000-03-22,7.31365
2000-03-23,7.33129
2000-03-24,7.33136
2000-03-27,7.32900
2000-03-28,7.31836
2000-03-29,7.31888
2000-03-30,7.30513
2000-03-31,7.31227
2000-04-03,7.31719
2000-04-04,7.30970
2000-04-05,7.30476
2000-04-06,7.31411
2000-04-07,7.32406
2000-04-10,7.31619
2000-04-11,7.31361
2000-04-12,7.29109
2000-04-13,7.27275
2000-04-14,7.21271
2000-04-17,7.24526
2000-04-18,7.27352
2000-04-19,7.26366
2000-04-20,7.26860
2000-04-24,7.26533
2000-04-25,7.29807
2000-04-26,7.28687
2000-04-27,7.28956
2000-04-28,7.28099
2000-05-01,7.29183
2000-05-02,7.27676
2000-05-03,7.25496
2000-05-04,7.25104
2000-05-05,7.26727
2000-05-08,7.26134
2000-05-09,7.25286
2000-05-10,7.23205
2000-05-11,7.24979
2000-05-12,7.25909
2000-05-15,7.28095
2000-05-16,7.29032
2000-05-17,7.27780
2000-05-18,7.27046
2000-05-19,7.24918
2000-05-22,7.24474
2000-05-23,7.22538
2000-05-24,7.24355
2000-05-25,7.23094
2000-05-26,7.22840
2000-05-30,7.26014
2000-05-31,7.25883
2000-06-01,7.27850
2000-06-02,7.29794
2000-06-05,7.29140
2000-06-06,7.28471
2000-06-07,7.29394
2000-06-08,7.28733
2000-06-09,7.28410
2000-06-12,7.27656
2000-06-13,7.29264
2000-06-14,7.29338
2000-06-15,7.29894
2000-06-16,7.28924
2000-06-19,7.30384
2000-06-20,7.29706
2000-06-21,7.29921
2000-06-22,7.28082
2000-06-23,7.27343
2000-06-26,7.28297
2000-06-27,7.27970
2000-06-28,7.28264
2000-06-29,7.27406
2000-06-30,7.28249
2000-07-03,7.29270
2000-07-05,7.27672
2000-07-06,7.28391
2000-07-07,7.29905
2000-07-10,7.29683
2000-07-11,7.30039
2000-07-12,7.30849
2000-07-13,7.31044
2000-07-14,7.31985
2000-07-17,7.32019
2000-07-18,7.30904
2000-07-19,7.30112
2000-07-20,7.31026
2000-07-21,7.29993
2000-07-24,7.28913
2000-07-25,7.29605
2000-07-26,7.28099
2000-07-27,7.27906
2000-07-28,7.25833
2000-07-31,7.26601
2000-08-01,7.27108
2000-08-02,7.27150
2000-08-03,7.28108
2000-08-04,7.28820
2000-08-07,7.29934
2000-08-08,7.30169
2000-08-09,7.29497
2000-08-10,7.28636
2000-08-11,7.29427
2000-08-14,7.30758
2000-08-15,7.30279
2000-08-16,7.29970
2000-08-17,7.31060
2000-08-18,7.30769
2000-08-21,7.31287
2000-08-22,7.31197
2000-08-23,7.31719
2000-08-24,7.31875
2000-08-25,7.31751
2000-08-28,7.32257
2000-08-29,7.31976
2000-08-30,7.31495
2000-08-31,7.32494
2000-09-01,7.32697
2000-09-05,7.31793
2000-09-06,7.30804
2000-09-07,7.31489
2000-09-08,7.30955
2000-09-11,7.30603
2000-09-12,7.30114
2000-09-13,7.30311
2000-09-14,7.30039
2000-09-15,7.29016
2000-09-18,7.27553
2000-09-19,7.28612
2000-09-20,7.28024
2000-09-21,7.27866
2000-09-22,7.27844
2000-09-25,7.27172
2000-09-26,7.26348
2000-09-27,7.26303
2000-09-28,7.28502
2000-09-29,7.26997
2000-10-02,7.26978
2000-10-03,7.26295
2000-10-04,7.26845
2000-10-05,7.26981
2000-10-06,7.25063
2000-10-09,7.24568
2000-10-10,7.23491
2000-10-11,7.21861
2000-10-12,7.19277
2000-10-13,7.22561
2000-10-16,7.22593
2000-10-17,7.20784
2000-10-18,7.20201
2000-10-19,7.23617
2000-10-20,7.24203
2000-10-23,7.24121
2000-10-24,7.24289
2000-10-25,7.21884
2000-10-26,7.21850
2000-10-27,7.22953
2000-10-30,7.24327
2000-10-31,7.26501
2000-11-01,7.25927
2000-11-02,7.26425
2000-11-03,7.26311
2000-11-06,7.26696
2000-11-07,7.26674
2000-11-08,7.25083
2000-11-09,7.24433
2000-11-10,7.21963
2000-11-13,7.20879
2000-11-14,7.23197
2000-11-15,7.23692
2000-11-16,7.22426
2000-11-17,7.22090
2000-11-20,7.20238
2000-11-21,7.20589
2000-11-22,7.18717
2000-11-24,7.20174
2000-11-27,7.20710
2000-11-28,7.19750
2000-11-29,7.20185
2000-11-30,7.18155
2000-12-01,7.18177
2000-12-04,7.18915
2000-12-05,7.22733
2000-12-06,7.20894
2000-12-07,7.20307
2000-12-08,7.22249
2000-12-11,7.22998
2000-12-12,7.22343
2000-12-13,7.21523
2000-12-14,7.20112
2000-12-15,7.17942
2000-12-18,7.18746
2000-12-19,7.17442
2000-12-20,7.14262
2000-12-21,7.15059
2000-12-22,7.17470
2000-12-26,7.18174
2000-12-27,7.19212
2000-12-28,7.19610
2000-12-29,7.18560
2001-01-02,7.15717
2001-01-03,7.20605
2001-01-04,7.19544
2001-01-05,7.16885
2001-01-08,7.16693
2001-01-09,7.17073
2001-01-10,7.18028
2001-01-11,7.19054
2001-01-12,7.18411
2001-01-16,7.19041
2001-01-17,7.19254
2001-01-18,7.20636
2001-01-19,7.20232
2001-01-22,7.20259
2001-01-23,7.21553
2001-01-24,7.21840
2001-01-25,7.21341
2001-01-26,7.21152
2001-01-29,7.21830
2001-01-30,7.22528
2001-01-31,7.21965
2001-02-01,7.22510
2001-02-02,7.20747
2001-02-05,7.21105
2001-02-06,7.20953
2001-02-07,7.20109
2001-02-08,7.19483
2001-02-09,7.18141
2001-02-12,7.19317
2001-02-13,7.18448
2001-02-14,7.18229
2001-02-15,7.19038
2001-02-16,7.17130
2001-02-20,7.15379
2001-02-21,7.13511
2001-02-22,7.13315
2001-02-23,7.12758
2001-02-26,7.14492
2001-02-27,7.13723
2001-02-28,7.12282
2001-03-01,7.12386
2001-03-02,7.11816
2001-03-05,7.12400
2001-03-06,7.13393
2001-03-07,7.14037
2001-03-08,7.14262
2001-03-09,7.11755
2001-03-12,7.07341
2001-03-13,7.08812
2001-03-14,7.06194
2001-03-15,7.06780
2001-03-16,7.04798
2001-03-19,7.06545
2001-03-20,7.04108
2001-03-21,7.02299
2001-03-22,7.01892
2001-03-23,7.03863
2001-03-26,7.04985
2001-03-27,7.07511
2001-03-28,7.05037
2001-03-29,7.04573
2001-03-30,7.05646
2001-04-02,7.04392
2001-04-03,7.00892
2001-04-04,7.00602
2001-04-05,7.04877
2001-04-06,7.02858
2001-04-09,7.03667
2001-04-10,7.06337
2001-04-11,7.06124
2001-04-12,7.07623
2001-04-16,7.07300
2001-04-17,7.08323
2001-04-18,7.12138
2001-04-19,7.13385
2001-04-20,7.12527
2001-04-23,7.11017
2001-04-24,7.09794
2001-04-25,7.11375
2001-04-26,7.11844
2001-04-27,7.13334
2001-04-30,7.13047
2001-05-01,7.14397
2001-05-02,7.14475
2001-05-03,7.12976
2001-05-04,7.14410
2001-05-07,7.14165
2001-05-08,7.13982
2001-05-09,7.13532
2001-05-10,7.13503
2001-05-11,7.12743
2001-05-14,7.13003
2001-05-15,7.13045
2001-05-16,7.15851
2001-05-17,7.16123
2001-05-18,7.16392
2001-05-21,7.17994
2001-05-22,7.17731
2001-05-23,7.16166
2001-05-24,7.16485
2001-05-25,7.15297
2001-05-29,7.14514
2001-05-30,7.12936
2001-05-31,7.13554
2001-06-01,7.13940
2001-06-04,7.14449
2001-06-05,7.15740
2001-06-06,7.14680
2001-06-07,7.15224
2001-06-08,7.14280
2001-06-11,7.13440
2001-06-12,7.13557
2001-06-13,7.12416
2001-06-14,7.10650
2001-06-15,7.10197
2001-06-18,7.09708
2001-06-19,7.10051
2001-06-20,7.10918
2001-06-21,7.12048
2001-06-22,7.11098
2001-06-25,7.10546
2001-06-26,7.10395
2001-06-27,7.09926
2001-06-28,7.11168
2001-06-29,7.11022
2001-07-02,7.12021
2001-07-03,7.11838
2001-07-05,7.10598
2001-07-06,7.08220
2001-07-09,7.08906
2001-07-10,7.07456
2001-07-11,7.07342
2001-07-12,7.09684
2001-07-13,7.10306
2001-07-16,7.09212
2001-07-17,7.10204
2001-07-18,7.09648
2001-07-19,7.10252
2001-07-20,7.09908
2001-07-23,7.08257
2001-07-24,7.06617
2001-07-25,7.08212
2001-07-26,7.09252
2001-07-27,7.09492
2001-07-30,7.09384
2001-07-31,7.09939
2001-08-01,7.10326
2001-08-02,7.10722
2001-08-03,7.10196
2001-08-06,7.09048
2001-08-07,7.09374
2001-08-08,7.07626
2001-08-09,7.07617
2001-08-10,7.08184
2001-08-13,7.08279
2001-08-14,7.07896
2001-08-15,7.07159
2001-08-16,7.07468
2001-08-17,7.05787
2001-08-20,7.06596
2001-08-21,7.05381
2001-08-22,7.06074
2001-08-23,7.05798
2001-08-24,7.07744
2001-08-27,7.07260
2001-08-28,7.05748
2001-08-29,7.04630
2001-08-30,7.02911
2001-08-31,7.03314
2001-09-04,7.03257
2001-09-05,7.03151
2001-09-06,7.00887
2001-09-07,6.99005
2001-09-10,6.99626
2001-09-17,6.94579
2001-09-18,6.93997
2001-09-19,6.92373
2001-09-20,6.89217
2001-09-21,6.87296
2001-09-24,6.91120
2001-09-25,6.91995
2001-09-26,6.91477
2001-09-27,6.92619
2001-09-28,6.94788
2001-10-01,6.94558
2001-10-02,6.95781
2001-10-03,6.97754
2001-10-04,6.97507
2001-10-05,6.97670
2001-10-08,6.96832
2001-10-09,6.96295
2001-10-10,6.98563
2001-10-11,7.00073
2001-10-12,6.99545
2001-10-15,6.99391
2001-10-16,7.00083
2001-10-17,6.98202
2001-10-18,6.97411
2001-10-19,6.97866
2001-10-22,6.99384
2001-10-23,6.98913
2001-10-24,6.98952
2001-10-25,7.00315
2001-10-26,7.00725
2001-10-29,6.98314
2001-10-30,6.96583
2001-10-31,6.96582
2001-11-01,6.98851
2001-11-02,6.99136
2001-11-05,7.00564
2001-11-06,7.02007
2001-11-07,7.01733
2001-11-08,7.01978
2001-11-09,7.02136
2001-11-12,7.01959
2001-11-13,7.03798
2001-11-14,7.03984
2001-11-15,7.04075
2001-11-16,7.03760
2001-11-19,7.04844
2001-11-20,7.04111
2001-11-21,7.03617
2001-11-23,7.04781
2001-11-26,7.05395
2001-11-27,7.04708
2001-11-28,7.02866
2001-11-29,7.03896
2001-11-30,7.03830
2001-12-03,7.02988
2001-12-04,7.04299
2001-12-05,7.06506
2001-12-06,7.06228
2001-12-07,7.05472
2001-12-10,7.03872
2001-12-11,7.03594
2001-12-12,7.03621
2001-12-13,7.02053
2001-12-14,7.02384
2001-12-17,7.03382
2001-12-18,7.04134
2001-12-19,7.04713
2001-12-20,7.03872
2001-12-21,7.04306
2001-12-24,7.04285
2001-12-26,7.04697
2001-12-27,7.05370
2001-12-28,7.05705
2001-12-31,7.04585
2002-01-02,7.05157
2002-01-03,7.06071
2002-01-04,7.06690
2002-01-07,7.06038
2002-01-08,7.05679
2002-01-09,7.05198
2002-01-10,7.05320
2002-01-11,7.04368
2002-01-14,7.03739
2002-01-15,7.04420
2002-01-16,7.02782
2002-01-17,7.03780
2002-01-18,7.02783
2002-01-22,7.02047
2002-01-23,7.02836
2002-01-24,7.03187
2002-01-25,7.03287
2002-01-28,7.03268
2002-01-29,7.00365
2002-01-30,7.01533
2002-01-31,7.03015
2002-02-01,7.02305
2002-02-04,6.99800
2002-02-05,6.99395
2002-02-06,6.98796
2002-02-07,6.98487
2002-02-08,6.99962
2002-02-11,7.01386
2002-02-12,7.00986
2002-02-13,7.01975
2002-02-14,7.01794
2002-02-15,7.00686
2002-02-19,6.98780
2002-02-20,7.00123
2002-02-21,6.98560
2002-02-22,6.99379
2002-02-25,7.01160
2002-02-26,7.01156
2002-02-27,7.01202
2002-02-28,7.00917
2002-03-01,7.03155
2002-03-04,7.05085
2002-03-05,7.04416
2002-03-06,7.05856
2002-03-07,7.05405
2002-03-08,7.05988
2002-03-11,7.06327
2002-03-12,7.06097
2002-03-13,7.05107
2002-03-14,7.05016
2002-03-15,7.06147
2002-03-18,7.06095
2002-03-19,7.06501
2002-03-20,7.04912
2002-03-21,7.05063
2002-03-22,7.04639
2002-03-25,7.03163
2002-03-26,7.03746
2002-03-27,7.04279
2002-03-28,7.04525
2002-04-01,7.04450
2002-04-02,7.03594
2002-04-03,7.02589
2002-04-04,7.02673
2002-04-05,7.02352
2002-04-08,7.02580
2002-04-09,7.01912
2002-04-10,7.03039
2002-04-11,7.00641
2002-04-12,7.01302
2002-04-15,7.00538
2002-04-16,7.02853
2002-04-17,7.02649
2002-04-18,7.02507
2002-04-19,7.02569
2002-04-22,7.01016
2002-04-23,7.00394
2002-04-24,6.99681
2002-04-25,6.99529
2002-04-26,6.98130
2002-04-29,6.97115
2002-04-30,6.98186
2002-05-01,6.99068
2002-05-02,6.98893
2002-05-03,6.97861
2002-05-06,6.95909
2002-05-07,6.95606
2002-05-08,6.99288
2002-05-09,6.97822
2002-05-10,6.96129
2002-05-13,6.97967
2002-05-14,7.00059
2002-05-15,6.99491
2002-05-16,7.00146
2002-05-17,7.00904
2002-05-20,6.99566
2002-05-21,6.98461
2002-05-22,6.99027
2002-05-23,7.00041
2002-05-24,6.98825
2002-05-28,6.97966
2002-05-29,6.97322
2002-05-30,6.97041
2002-05-31,6.97274
2002-06-03,6.94763
2002-06-04,6.94764
2002-06-05,6.95645
2002-06-06,6.93649
2002-06-07,6.93491
2002-06-10,6.93803
2002-06-11,6.92126
2002-06-12,6.92781
2002-06-13,6.91727
2002-06-14,6.91500
2002-06-17,6.94329
2002-06-18,6.94422
2002-06-19,6.92755
2002-06-20,6.91403
2002-06-21,6.89684
2002-06-24,6.90045
2002-06-25,6.88361
2002-06-26,6.88093
2002-06-27,6.89835
2002-06-28,6.89751
2002-07-01,6.87590
2002-07-02,6.85445
2002-07-03,6.86065
2002-07-05,6.89672
2002-07-08,6.88447
2002-07-09,6.85944
2002-07-10,6.82488
2002-07-11,6.83235
2002-07-12,6.82588
2002-07-15,6.82212
2002-07-16,6.80356
2002-07-17,6.80908
2002-07-18,6.78169
2002-07-19,6.74260
2002-07-22,6.70912
2002-07-23,6.68173
2002-07-24,6.73747
2002-07-25,6.73183
2002-07-26,6.74857
2002-07-29,6.80124
2002-07-30,6.80548
2002-07-31,6.81522
2002-08-01,6.78520
2002-08-02,6.76185
2002-08-05,6.72695
2002-08-06,6.75643
2002-08-07,6.77624
2002-08-08,6.80844
2002-08-09,6.81195
2002-08-12,6.80661
2002-08-13,6.78469
2002-08-14,6.82396
2002-08-15,6.83545
2002-08-16,6.83386
2002-08-19,6.85722
2002-08-20,6.84314
2002-08-21,6.85579
2002-08-22,6.86974
2002-08-23,6.84679
2002-08-26,6.85430
2002-08-27,6.84035
2002-08-28,6.82206
2002-08-29,6.82198
2002-08-30,6.82009
2002-09-03,6.77767
2002-09-04,6.79503
2002-09-05,6.77896
2002-09-06,6.79562
2002-09-09,6.80568
2002-09-10,6.81298
2002-09-11,6.81284
2002-09-12,6.78774
2002-09-13,6.79101
2002-09-16,6.79246
2002-09-17,6.77253
2002-09-18,6.76787
2002-09-19,6.73735
2002-09-20,6.73980
2002-09-23,6.72587
2002-09-24,6.70844
2002-09-25,6.73300
2002-09-26,6.75104
2002-09-27,6.71825
2002-09-30,6.70353
2002-10-01,6.74277
2002-10-02,6.71890
2002-10-03,6.70802
2002-10-04,6.68534
2002-10-07,6.66604
2002-10-08,6.68280
2002-10-09,6.65513
2002-10-10,6.68950
2002-10-11,6.72781
2002-10-14,6.73511
2002-10-15,6.78136
2002-10-16,6.75696
2002-10-17,6.77901
2002-10-18,6.78490
2002-10-21,6.80208
2002-10-22,6.79140
2002-10-23,6.79810
2002-10-24,6.78276
2002-10-25,6.79978
2002-10-28,6.79148
2002-10-29,6.78236
2002-10-30,6.79202
2002-10-31,6.78645
2002-11-01,6.80346
2002-11-04,6.81163
2002-11-05,6.81935
2002-11-06,6.82845
2002-11-07,6.80533
2002-11-08,6.79653
2002-11-11,6.77558
2002-11-12,6.78327
2002-11-13,6.78279
2002-11-14,6.80713
2002-11-15,6.81326
2002-11-18,6.80279
2002-11-19,6.79877
2002-11-20,6.81799
2002-11-21,6.83922
2002-11-22,6.83578
2002-11-25,6.83828
2002-11-26,6.81708
2002-11-27,6.84468
2002-11-29,6.84195
2002-12-02,6.84004
2002-12-03,6.82519
2002-12-04,6.82173
2002-12-05,6.80965
2002-12-06,6.81589
2002-12-09,6.79347
2002-12-10,6.80733
2002-12-11,6.80789
2002-12-12,6.80416
2002-12-13,6.79064
2002-12-16,6.81388
2002-12-17,6.80571
2002-12-18,6.79248
2002-12-19,6.78474
2002-12-20,6.79766
2002-12-23,6.79948
2002-12-24,6.79399
2002-12-26,6.79084
2002-12-27,6.77468
2002-12-30,6.77923
2002-12-31,6.77972
2003-01-02,6.81238
2003-01-03,6.81189
2003-01-06,6.83412
2003-01-07,6.82755
2003-01-08,6.81337
2003-01-09,6.83258
2003-01-10,6.83257
2003-01-13,6.83115
2003-01-14,6.83697
2003-01-15,6.82244
2003-01-16,6.81849
2003-01-17,6.80437
2003-01-21,6.78854
2003-01-22,6.77806
2003-01-23,6.78823
2003-01-24,6.75856
2003-01-27,6.74227
2003-01-28,6.75523
2003-01-29,6.76199
2003-01-30,6.73887
2003-01-31,6.75192
2003-02-03,6.75730
2003-02-04,6.74312
2003-02-05,6.73767
2003-02-06,6.73120
2003-02-07,6.72105
2003-02-10,6.72859
2003-02-11,6.72046
2003-02-12,6.70769
2003-02-13,6.70609
2003-02-14,6.72730
2003-02-18,6.74661
2003-02-19,6.73949
2003-02-20,6.72994
2003-02-21,6.74308
2003-02-24,6.72453
2003-02-25,6.73170
2003-02-26,6.71847
2003-02-27,6.73016
2003-02-28,6.73477
2003-03-03,6.72720
2003-03-04,6.71173
2003-03-05,6.72124
2003-03-06,6.71186
2003-03-07,6.72009
2003-03-10,6.69392
2003-03-11,6.68552
2003-03-12,6.68984
2003-03-13,6.72371
2003-03-14,6.72536
2003-03-17,6.76017
2003-03-18,6.76440
2003-03-19,6.77310
2003-03-20,6.77499
2003-03-21,6.79771
2003-03-24,6.76184
2003-03-25,6.77393
2003-03-26,6.76844
2003-03-27,6.76679
2003-03-28,6.76099
2003-03-31,6.74309
2003-04-01,6.75516
2003-04-02,6.78094
2003-04-03,6.77588
2003-04-04,6.77861
2003-04-07,6.77984
2003-04-08,6.77798
2003-04-09,6.76387
2003-04-10,6.77031
2003-04-11,6.76654
2003-04-14,6.78585
2003-04-15,6.79213
2003-04-16,6.77982
2003-04-17,6.79524
2003-04-21,6.79348
2003-04-22,6.81495
2003-04-23,6.82331
2003-04-24,6.81501
2003-04-25,6.80107
2003-04-28,6.81875
2003-04-29,6.82202
2003-04-30,6.82102
2003-05-01,6.82034
2003-05-02,6.83527
2003-05-05,6.83147
2003-05-06,6.83989
2003-05-07,6.83478
2003-05-08,6.82467
2003-05-09,6.83884
2003-05-12,6.85130
2003-05-13,6.84832
2003-05-14,6.84511
2003-05-15,6.85295
2003-05-16,6.85044
2003-05-19,6.82521
2003-05-20,6.82408
2003-05-21,6.82808
2003-05-22,6.83719
2003-05-23,6.83864
2003-05-27,6.85802
2003-05-28,6.85985
2003-05-29,6.85608
2003-05-30,6.87067
2003-06-02,6.87420
2003-06-03,6.87890
2003-06-04,6.89390
2003-06-05,6.89785
2003-06-06,6.89544
2003-06-09,6.88339
2003-06-10,6.89248
2003-06-11,6.90523
2003-06-12,6.90626
2003-06-13,6.89630
2003-06-16,6.91844
2003-06-17,6.91935
2003-06-18,6.91779
2003-06-19,6.90244
2003-06-20,6.90344
2003-06-23,6.88922
2003-06-24,6.89107
2003-06-25,6.88277
2003-06-26,6.89347
2003-06-27,6.88369
2003-06-30,6.88192
2003-07-01,6.88992
2003-07-02,6.90149
2003-07-03,6.89335
2003-07-07,6.91217
2003-07-08,6.91556
2003-07-09,6.90996
2003-07-10,6.89639
2003-07-11,6.90589
2003-07-14,6.91161
2003-07-15,6.90818
2003-07-16,6.90174
2003-07-17,6.88932
2003-07-18,6.90105
2003-07-21,6.88633
2003-07-22,6.89579
2003-07-23,6.89630
2003-07-24,6.88918
2003-07-25,6.90643
2003-07-28,6.90427
2003-07-29,6.89698
2003-07-30,6.89517
2003-07-31,6.89802
2003-08-01,6.88771
2003-08-04,6.89043
2003-08-05,6.87260
2003-08-06,6.87428
2003-08-07,6.88153
2003-08-08,6.88509
2003-08-11,6.88815
2003-08-12,6.89806
2003-08-13,6.89166
2003-08-14,6.89822
2003-08-15,6.89838
2003-08-18,6.90750
2003-08-19,6.91010
2003-08-20,6.90806
2003-08-21,6.91102
2003-08-22,6.90079
2003-08-25,6.90145
2003-08-26,6.90448
2003-08-27,6.90454
2003-08-28,6.91059
2003-08-29,6.91573
2003-09-02,6.92951
2003-09-03,6.93369
2003-09-04,6.93534
2003-09-05,6.92892
2003-09-08,6.93891
2003-09-09,6.93066
2003-09-10,6.91862
2003-09-11,6.92404
2003-09-12,6.92621
2003-09-15,6.92246
2003-09-16,6.93665
2003-09-17,6.93339
2003-09-18,6.94657
2003-09-19,6.94341
2003-09-22,6.93032
2003-09-23,6.93637
2003-09-24,6.91709
2003-09-25,6.91102
2003-09-26,6.90460
2003-09-29,6.91431
2003-09-30,6.90372
2003-10-01,6.92581
2003-10-02,6.92779
2003-10-03,6.93717
2003-10-06,6.94153
2003-10-07,6.94625
2003-10-08,6.94098
2003-10-09,6.94575
2003-10-10,6.94511
2003-10-13,6.95211
2003-10-14,6.95605
2003-10-15,6.95345
2003-10-16,6.95661
2003-10-17,6.94632
2003-10-20,6.95147
2003-10-21,6.95276
2003-10-22,6.93766
2003-10-23,6.94097
2003-10-24,6.93626
2003-10-27,6.93841
2003-10-28,6.95348
2003-10-29,6.95474
2003-10-30,6.95363
2003-10-31,6.95722
2003-11-03,6.96510
2003-11-04,6.95964
2003-11-05,6.95827
2003-11-06,6.96418
2003-11-07,6.95960
2003-11-10,6.95379
2003-11-11,6.95327
2003-11-12,6.96466
2003-11-13,6.96452
2003-11-14,6.95688
2003-11-17,6.95046
2003-11-18,6.94134
2003-11-19,6.94932
2003-11-20,6.94085
2003-11-21,6.94243
2003-11-24,6.95852
2003-11-25,6.96024
2003-11-26,6.96456
2003-11-28,6.96432
2003-12-01,6.97553
2003-12-02,6.97225
2003-12-03,6.97048
2003-12-04,6.97515
2003-12-05,6.96744
2003-12-08,6.97476
2003-12-09,6.96619
2003-12-10,6.96513
2003-12-11,6.97654
2003-12-12,6.97928
2003-12-15,6.97358
2003-12-16,6.98020
2003-12-17,6.98145
2003-12-18,6.99318
2003-12-19,6.99271
2003-12-22,6.99663
2003-12-23,6.99944
2003-12-24,6.99763
2003-12-26,6.99932
2003-12-29,7.01165
2003-12-30,7.01179
2003-12-31,7.01384
2004-01-02,7.01074
2004-01-05,7.02306
2004-01-06,7.02436
2004-01-07,7.02672
2004-01-08,7.03167
2004-01-09,7.02274
2004-01-12,7.02752
2004-01-13,7.02217
2004-01-14,7.03043
2004-01-15,7.03179
2004-01-16,7.03863
2004-01-20,7.03770
2004-01-21,7.04545
2004-01-22,7.04223
2004-01-23,7.04014
2004-01-26,7.05218
2004-01-27,7.04233
2004-01-28,7.02863
2004-01-29,7.03360
2004-01-30,7.03097
2004-02-02,7.03462
2004-02-03,7.03530
2004-02-04,7.02689
2004-02-05,7.02872
2004-02-06,7.04120
2004-02-09,7.03862
2004-02-10,7.04363
2004-02-11,7.05424
2004-02-12,7.04935
2004-02-13,7.04387
2004-02-17,7.05358
2004-02-18,7.04910
2004-02-19,7.04496
2004-02-20,7.04238
2004-02-23,7.03965
2004-02-24,7.03798
2004-02-25,7.04200
2004-02-26,7.04308
2004-02-27,7.04311
2004-03-01,7.05269
2004-03-02,7.04673
2004-03-03,7.04842
2004-03-04,7.05175
2004-03-05,7.05347
2004-03-08,7.04509
2004-03-09,7.03929
2004-03-10,7.02455
2004-03-11,7.00921
2004-03-12,7.02159
2004-03-15,7.00714
2004-03-16,7.01275
2004-03-17,7.02443
2004-03-18,7.02315
2004-03-19,7.01192
2004-03-22,6.99887
2004-03-23,6.99755
2004-03-24,6.99515
2004-03-25,7.01139
2004-03-26,7.01037
2004-03-29,7.02329
2004-03-30,7.02731
2004-03-31,7.02661
2004-04-01,7.03189
2004-04-02,7.04037
2004-04-05,7.04801
2004-04-06,7.04592
2004-04-07,7.03925
2004-04-08,7.03819
2004-04-12,7.04333
2004-04-13,7.02948
2004-04-14,7.02835
2004-04-15,7.02895
2004-04-16,7.03404
2004-04-19,7.03511
2004-04-20,7.01943
2004-04-21,7.02473
2004-04-22,7.03872
2004-04-23,7.03931
2004-04-26,7.03485
2004-04-27,7.03712
2004-04-28,7.02323
2004-04-29,7.01561
2004-04-30,7.00968
2004-05-03,7.01884
2004-05-04,7.02068
2004-05-05,7.02245
2004-05-06,7.01570
2004-05-07,7.00188
2004-05-10,6.99129
2004-05-11,6.99892
2004-05-12,7.00059
2004-05-13,6.99982
2004-05-14,6.99915
2004-05-17,6.98851
2004-05-18,6.99530
2004-05-19,6.99272
2004-05-20,6.99319
2004-05-21,6.99719
2004-05-24,6.99888
2004-05-25,7.01486
2004-05-26,7.01656
2004-05-27,7.02223
2004-05-28,7.02169
2004-06-01,7.02215
2004-06-02,7.02553
2004-06-03,7.01808
2004-06-04,7.02331
2004-06-07,7.03915
2004-06-08,7.04069
2004-06-09,7.03115
2004-06-10,7.03568
2004-06-14,7.02580
2004-06-15,7.03175
2004-06-16,7.03312
2004-06-17,7.03179
2004-06-18,7.03441
2004-06-21,7.03024
2004-06-22,7.03387
2004-06-23,7.04234
2004-06-24,7.03935
2004-06-25,7.03389
2004-06-28,7.03293
2004-06-29,7.03544
2004-06-30,7.03952
2004-07-01,7.02903
2004-07-02,7.02588
2004-07-06,7.01769
2004-07-07,7.01959
2004-07-08,7.01131
2004-07-09,7.01464
2004-07-12,7.01603
2004-07-13,7.01674
2004-07-14,7.01344
2004-07-15,7.00913
2004-07-16,7.00433
2004-07-19,7.00388
2004-07-20,7.01092
2004-07-21,6.99749
2004-07-22,7.00019
2004-07-23,6.99044
2004-07-26,6.98848
2004-07-27,6.99835
2004-07-28,6.99889
2004-07-29,7.00346
2004-07-30,7.00463
2004-08-02,7.00907
2004-08-03,7.00278
2004-08-04,7.00182
2004-08-05,6.98536
2004-08-06,6.96976
2004-08-09,6.97094
2004-08-10,6.98383
2004-08-11,6.98081
2004-08-12,6.96907
2004-08-13,6.97054
2004-08-16,6.98411
2004-08-17,6.98630
2004-08-18,6.99866
2004-08-19,6.99506
2004-08-20,7.00156
2004-08-23,6.99913
2004-08-24,6.99960
2004-08-25,7.00756
2004-08-26,7.00768
2004-08-27,7.01010
2004-08-30,7.00229
2004-08-31,7.00691
2004-09-01,7.00842
2004-09-02,7.01957
2004-09-03,7.01538
2004-09-07,7.02224
2004-09-08,7.01775
2004-09-09,7.01964
2004-09-10,7.02458
2004-09-13,7.02627
2004-09-14,7.02849
2004-09-15,7.02141
2004-09-16,7.02420
2004-09-17,7.02869
2004-09-20,7.02305
2004-09-21,7.02935
2004-09-22,7.01532
2004-09-23,7.01064
2004-09-24,7.01221
2004-09-27,7.00626
2004-09-28,7.01217
2004-09-29,7.01643
2004-09-30,7.01623
2004-10-01,7.03130
2004-10-04,7.03454
2004-10-05,7.03393
2004-10-06,7.04058
2004-10-07,7.03055
2004-10-08,7.02299
2004-10-11,7.02500
2004-10-12,7.02273
2004-10-13,7.01540
2004-10-14,7.00605
2004-10-15,7.01049
2004-10-18,7.01573
2004-10-19,7.00600
2004-10-20,7.00639
2004-10-21,7.00895
2004-10-22,6.99919
2004-10-25,6.99834
2004-10-26,7.01310
2004-10-27,7.02589
2004-10-28,7.02770
2004-10-29,7.03015
2004-11-01,7.03042
2004-11-02,7.03045
2004-11-03,7.04159
2004-11-04,7.05761
2004-11-05,7.06148
2004-11-08,7.06038
2004-11-09,7.05969
2004-11-10,7.05868
2004-11-11,7.06773
2004-11-12,7.07680
2004-11-15,7.07649
2004-11-16,7.06939
2004-11-17,7.07491
2004-11-18,7.07627
2004-11-19,7.06505
2004-11-22,7.07093
2004-11-23,7.07067
2004-11-24,7.07476
2004-11-26,7.07551
2004-11-29,7.07206
2004-11-30,7.06802
2004-12-01,7.08286
2004-12-02,7.08199
2004-12-03,7.08269
2004-12-06,7.08192
2004-12-07,7.07078
2004-12-08,7.07565
2004-12-09,7.08107
2004-12-10,7.08003
2004-12-13,7.08898
2004-12-14,7.09289
2004-12-15,7.09483
2004-12-16,7.09275
2004-12-17,7.08525
2004-12-20,7.08561
2004-12-21,7.09461
2004-12-22,7.09802
2004-12-23,7.09848
2004-12-27,7.09417
2004-12-28,7.10130
2004-12-29,7.10122
2004-12-30,7.10131
2004-12-31,7.09996
2005-01-03,7.09181
2005-01-04,7.08007
2005-01-05,7.07643
2005-01-06,7.07993
2005-01-07,7.07850
2005-01-10,7.08192
2005-01-11,7.07580
2005-01-12,7.07977
2005-01-13,7.07111
2005-01-14,7.07709
2005-01-18,7.08672
2005-01-19,7.07719
2005-01-20,7.06937
2005-01-21,7.06294
2005-01-24,7.05940
2005-01-25,7.06340
2005-01-26,7.06823
2005-01-27,7.06864
2005-01-28,7.06592
2005-01-31,7.07435
2005-02-01,7.08121
2005-02-02,7.08439
2005-02-03,7.08162
2005-02-04,7.09260
2005-02-07,7.09151
2005-02-08,7.09199
2005-02-09,7.08338
2005-02-10,7.08758
2005-02-11,7.09448
2005-02-14,7.09518
2005-02-15,7.09847
2005-02-16,7.09866
2005-02-17,7.09070
2005-02-18,7.09140
2005-02-22,7.07679
2005-02-23,7.08238
2005-02-24,7.09024
2005-02-25,7.09951
2005-02-28,7.09307
2005-03-01,7.09871
2005-03-02,7.09844
2005-03-03,7.09876
2005-03-04,7.10834
2005-03-07,7.11095
2005-03-08,7.10614
2005-03-09,7.09590
2005-03-10,7.09776
2005-03-11,7.09014
2005-03-14,7.09575
2005-03-15,7.08820
2005-03-16,7.08009
2005-03-17,7.08189
2005-03-18,7.08141
2005-03-21,7.07647
2005-03-22,7.06622
2005-03-23,7.06692
2005-03-24,7.06597
2005-03-28,7.06841
2005-03-29,7.06079
2005-03-30,7.07446
2005-03-31,7.07377
2005-04-01,7.06725
2005-04-04,7.06998
2005-04-05,7.07445
2005-04-06,7.07671
2005-04-07,7.08267
2005-04-08,7.07429
2005-04-11,7.07429
2005-04-12,7.07982
2005-04-13,7.06799
2005-04-14,7.05794
2005-04-15,7.04108
2005-04-18,7.04402
2005-04-19,7.04993
2005-04-20,7.03659
2005-04-21,7.05613
2005-04-22,7.04936
2005-04-25,7.05798
2005-04-26,7.04903
2005-04-27,7.05305
2005-04-28,7.04160
2005-04-29,7.05346
2005-05-02,7.05804
2005-05-03,7.05718
2005-05-04,7.06958
2005-05-05,7.06700
2005-05-06,7.06591
2005-05-09,7.07229
2005-05-10,7.06152
2005-05-11,7.06571
2005-05-12,7.05562
2005-05-13,7.05103
2005-05-16,7.06107
2005-05-17,7.06800
2005-05-18,7.07797
2005-05-19,7.08262
2005-05-20,7.08110
2005-05-23,7.08495
2005-05-24,7.08512
2005-05-25,7.08172
2005-05-26,7.08809
2005-05-27,7.08906
2005-05-31,7.08297
2005-06-01,7.09197
2005-06-02,7.09365
2005-06-03,7.08675
2005-06-06,7.08800
2005-06-07,7.08779
2005-06-08,7.08563
2005-06-09,7.09085
2005-06-10,7.08850
2005-06-13,7.09076
2005-06-14,7.09333
2005-06-15,7.09555
2005-06-16,7.09917
2005-06-17,7.10411
2005-06-20,7.10340
2005-06-21,7.10135
2005-06-22,7.10158
2005-06-23,7.09068
2005-06-24,7.08303
2005-06-27,7.08229
2005-06-28,7.09138
2005-06-29,7.08995
2005-06-30,7.08283
2005-07-01,7.08543
2005-07-05,7.09423
2005-07-06,7.08585
2005-07-07,7.08830
2005-07-08,7.09991
2005-07-11,7.10615
2005-07-12,7.10842
2005-07-13,7.10930
2005-07-14,7.11192
2005-07-15,7.11308
2005-07-18,7.10753
2005-07-19,7.11424
2005-07-20,7.11899
2005-07-21,7.11236
2005-07-22,7.11776
2005-07-25,7.11398
2005-07-26,7.11571
2005-07-27,7.12027
2005-07-28,7.12586
2005-07-29,7.11816
2005-08-01,7.11911
2005-08-02,7.12618
2005-08-03,7.12692
2005-08-04,7.11952
2005-08-05,7.11185
2005-08-08,7.10917
2005-08-09,7.11589
2005-08-10,7.11406
2005-08-11,7.12110
2005-08-12,7.11509
2005-08-15,7.11791
2005-08-16,7.10607
2005-08-17,7.10680
2005-08-18,7.10580
2005-08-19,7.10637
2005-08-22,7.10802
2005-08-23,7.10461
2005-08-24,7.09804
2005-08-25,7.10035
2005-08-26,7.09432
2005-08-29,7.10026
2005-08-30,7.09706
2005-08-31,7.10688
2005-09-01,7.10791
2005-09-02,7.10498
2005-09-06,7.11752
2005-09-07,7.11993
2005-09-08,7.11613
2005-09-09,7.12406
2005-09-12,7.12332
2005-09-13,7.11574
2005-09-14,7.11246
2005-09-15,7.11292
2005-09-16,7.12118
2005-09-19,7.11560
2005-09-20,7.10770
2005-09-21,7.09854
2005-09-22,7.10219
2005-09-23,7.10274
2005-09-26,7.10302
2005-09-27,7.10304
2005-09-28,7.10405
2005-09-29,7.11288
2005-09-30,7.11380
2005-10-03,7.11208
2005-10-04,7.10206
2005-10-05,7.08706
2005-10-06,7.08296
2005-10-07,7.08665
2005-10-10,7.07946
2005-10-11,7.07739
2005-10-12,7.07130
2005-10-13,7.07059
2005-10-14,7.07882
2005-10-17,7.08179
2005-10-18,7.07169
2005-10-19,7.08654
2005-10-20,7.07140
2005-10-21,7.07292
2005-10-24,7.08956
2005-10-25,7.08719
2005-10-26,7.08287
2005-10-27,7.07234
2005-10-28,7.08875
2005-10-31,7.09590
2005-11-01,7.09237
2005-11-02,7.10230
2005-11-03,7.10656
2005-11-04,7.10672
2005-11-07,7.10891
2005-11-08,7.10545
2005-11-09,7.10714
2005-11-10,7.11555
2005-11-11,7.11860
2005-11-14,7.11782
2005-11-15,7.11396
2005-11-16,7.11575
2005-11-17,7.12512
2005-11-18,7.12951
2005-11-21,7.13477
2005-11-22,7.13984
2005-11-23,7.14331
2005-11-25,7.14539
2005-11-28,7.13685
2005-11-29,7.13686
2005-11-30,7.13048
2005-12-01,7.14257
2005-12-02,7.14289
2005-12-05,7.14052
2005-12-06,7.14180
2005-12-07,7.13678
2005-12-08,7.13556
2005-12-09,7.13837
2005-12-12,7.13921
2005-12-13,7.14475
2005-12-14,7.14893
2005-12-15,7.14751
2005-12-16,7.14466
2005-12-19,7.13880
2005-12-20,7.13857
2005-12-21,7.14108
2005-12-22,7.14529
2005-12-23,7.14572
2005-12-27,7.13612
2005-12-28,7.13741
2005-12-29,7.13443
2005-12-30,7.12953
2006-01-03,7.14583
2006-01-04,7.14949
2006-01-05,7.14951
2006-01-06,7.15886
2006-01-09,7.16251
2006-01-10,7.16216
2006-01-11,7.16563
2006-01-12,7.15934
2006-01-13,7.16054
2006-01-17,7.15690
2006-01-18,7.15300
2006-01-19,7.15855
2006-01-20,7.14005
2006-01-23,7.14189
2006-01-24,7.14430
2006-01-25,7.14257
2006-01-26,7.14978
2006-01-27,7.15752
2006-01-30,7.15867
2006-01-31,7.15468
2006-02-01,7.15654
2006-02-02,7.14743
2006-02-03,7.14206
2006-02-06,7.14284
2006-02-07,7.13472
2006-02-08,7.14334
2006-02-09,7.14186
2006-02-10,7.14440
2006-02-13,7.14113
2006-02-14,7.15112
2006-02-15,7.15462
2006-02-16,7.16192
2006-02-17,7.16026
2006-02-21,7.15698
2006-02-22,7.16447
2006-02-23,7.16068
2006-02-24,7.16196
2006-02-27,7.16559
2006-02-28,7.15513
2006-03-01,7.16336
2006-03-02,7.16173
2006-03-03,7.16025
2006-03-06,7.15326
2006-03-07,7.15139
2006-03-08,7.15342
2006-03-09,7.14853
2006-03-10,7.15585
2006-03-13,7.15784
2006-03-14,7.16818
2006-03-15,7.17244
2006-03-16,7.17421
2006-03-17,7.17568
2006-03-20,7.17402
2006-03-21,7.16799
2006-03-22,7.17399
2006-03-23,7.17140
2006-03-24,7.17239
2006-03-27,7.17136
2006-03-28,7.16490
2006-03-29,7.17234
2006-03-30,7.17031
2006-03-31,7.16613
2006-04-03,7.16843
2006-04-04,7.17467
2006-04-05,7.17897
2006-04-06,7.17705
2006-04-07,7.16665
2006-04-10,7.16750
2006-04-11,7.15974
2006-04-12,7.16094
2006-04-13,7.16172
2006-04-17,7.15877
2006-04-18,7.17599
2006-04-19,7.17773
2006-04-20,7.17890
2006-04-21,7.17876
2006-04-24,7.17634
2006-04-25,7.17146
2006-04-26,7.17427
2006-04-27,7.17757
2006-04-28,7.17825
2006-05-01,7.17410
2006-05-02,7.18023
2006-05-03,7.17614
2006-05-04,7.17950
2006-05-05,7.18974
2006-05-08,7.18891
2006-05-09,7.18927
2006-05-10,7.18754
2006-05-11,7.17466
2006-05-12,7.16336
2006-05-15,7.16588
2006-05-16,7.16401
2006-05-17,7.14702
2006-05-18,7.14030
2006-05-19,7.14443
2006-05-22,7.14051
2006-05-23,7.13615
2006-05-24,7.13773
2006-05-25,7.14904
2006-05-26,7.15474
2006-05-30,7.13874
2006-05-31,7.14684
2006-06-01,7.15907
2006-06-02,7.16102
2006-06-05,7.14306
2006-06-06,7.14192
2006-06-07,7.13581
2006-06-08,7.13722
2006-06-09,7.13274
2006-06-12,7.11996
2006-06-13,7.10963
2006-06-14,7.11480
2006-06-15,7.13581
2006-06-16,7.13213
2006-06-19,7.12298
2006-06-20,7.12296
2006-06-21,7.13266
2006-06-22,7.12737
2006-06-23,7.12649
2006-06-26,7.13135
2006-06-27,7.12222
2006-06-28,7.12769
2006-06-29,7.14903
2006-06-30,7.14693
2006-07-03,7.15476
2006-07-05,7.14749
2006-07-06,7.14998
2006-07-07,7.14321
2006-07-10,7.14468
2006-07-11,7.14875
2006-07-12,7.13776
2006-07-13,7.12471
2006-07-14,7.11980
2006-07-17,7.11841
2006-07-18,7.12033
2006-07-19,7.13872
2006-07-20,7.13020
2006-07-21,7.12310
2006-07-24,7.13959
2006-07-25,7.14589
2006-07-26,7.14551
2006-07-27,7.14140
2006-07-28,7.15348
2006-07-31,7.15200
2006-08-01,7.14750
2006-08-02,7.15348
2006-08-03,7.15483
2006-08-04,7.15412
2006-08-07,7.15131
2006-08-08,7.14794
2006-08-09,7.14358
2006-08-10,7.14820
2006-08-11,7.14420
2006-08-14,7.14536
2006-08-15,7.15897
2006-08-16,7.16660
2006-08-17,7.16818
2006-08-18,7.17189
2006-08-21,7.16821
2006-08-22,7.16921
2006-08-23,7.16471
2006-08-24,7.16708
2006-08-25,7.16634
2006-08-28,7.17149
2006-08-29,7.17341
2006-08-30,7.17340
2006-08-31,7.17305
2006-09-01,7.17855
2006-09-05,7.18026
2006-09-06,7.17032
2006-09-07,7.16551
2006-09-08,7.16929
2006-09-11,7.16977
2006-09-12,7.18015
2006-09-13,7.18392
2006-09-14,7.18256
2006-09-15,7.18529
2006-09-18,7.18628
2006-09-19,7.18411
2006-09-20,7.18930
2006-09-21,7.18389
2006-09-22,7.18142
2006-09-25,7.19020
2006-09-26,7.19769
2006-09-27,7.19788
2006-09-28,7.19979
2006-09-29,7.19732
2006-10-02,7.19393
2006-10-03,7.19602
2006-10-04,7.20802
2006-10-05,7.21024
2006-10-06,7.20755
2006-10-09,7.20835
2006-10-10,7.21039
2006-10-11,7.20782
2006-10-12,7.21732
2006-10-13,7.21936
2006-10-16,7.22187
2006-10-17,7.21821
2006-10-18,7.21961
2006-10-19,7.22034
2006-10-20,7.22154
2006-10-23,7.22768
2006-10-24,7.22794
2006-10-25,7.23145
2006-10-26,7.23640
2006-10-27,7.22791
2006-10-30,7.22834
2006-10-31,7.22834
2006-11-01,7.22097
2006-11-02,7.22062
2006-11-03,7.21840
2006-11-06,7.22968
2006-11-07,7.23189
2006-11-08,7.23398
2006-11-09,7.22863
2006-11-10,7.23049
2006-11-13,7.23304
2006-11-14,7.23937
2006-11-15,7.24177
2006-11-16,7.24406
2006-11-17,7.24508
2006-11-20,7.24458
2006-11-21,7.24623
2006-11-22,7.24857
2006-11-24,7.24491
2006-11-27,7.23121
2006-11-28,7.23470
2006-11-29,7.24386
2006-11-30,7.24468
2006-12-01,7.24187
2006-12-04,7.25072
2006-12-05,7.25472
2006-12-06,7.25340
2006-12-07,7.24942
2006-12-08,7.25123
2006-12-11,7.25350
2006-12-12,7.25245
2006-12-13,7.25362
2006-12-14,7.26227
2006-12-15,7.26339
2006-12-18,7.26016
2006-12-19,7.26231
2006-12-20,7.26089
2006-12-21,7.25721
2006-12-22,7.25188
2006-12-26,7.25623
2006-12-27,7.26322
2006-12-28,7.26174
2006-12-29,7.25721
2007-01-03,7.25601
2007-01-04,7.25724
2007-01-05,7.25114
2007-01-08,7.25336
2007-01-09,7.25284
2007-01-10,7.25478
2007-01-11,7.26110
2007-01-12,7.26594
2007-01-16,7.26676
2007-01-17,7.26586
2007-01-18,7.26289
2007-01-19,7.26578
2007-01-22,7.26049
2007-01-23,7.26402
2007-01-24,7.27249
2007-01-25,7.26115
2007-01-26,7.25995
2007-01-29,7.25885
2007-01-30,7.26460
2007-01-31,7.27118
2007-02-01,7.27651
2007-02-02,7.27821
2007-02-05,7.27724
2007-02-06,7.27794
2007-02-07,7.27933
2007-02-08,7.27815
2007-02-09,7.27105
2007-02-12,7.26778
2007-02-13,7.27535
2007-02-14,7.28297
2007-02-15,7.28400
2007-02-16,7.28313
2007-02-20,7.28597
2007-02-21,7.28457
2007-02-22,7.28371
2007-02-23,7.28014
2007-02-26,7.27888
2007-02-27,7.24354
2007-02-28,7.24909
2007-03-01,7.24649
2007-03-02,7.23502
2007-03-05,7.22557
2007-03-06,7.24094
2007-03-07,7.23848
2007-03-08,7.24558
2007-03-09,7.24626
2007-03-12,7.24893
2007-03-13,7.22835
2007-03-14,7.23502
2007-03-15,7.23870
2007-03-16,7.23486
2007-03-19,7.24570
2007-03-20,7.25201
2007-03-21,7.26895
2007-03-22,7.26860
2007-03-23,7.26969
2007-03-26,7.27066
2007-03-27,7.26446
2007-03-28,7.25646
2007-03-29,7.26019
2007-03-30,7.25902
2007-04-02,7.26161
2007-04-03,7.27085
2007-04-04,7.27196
2007-04-05,7.27501
2007-04-09,7.27559
2007-04-10,7.27821
2007-04-11,7.27161
2007-04-12,7.27780
2007-04-13,7.28128
2007-04-16,7.29198
2007-04-17,7.29402
2007-04-18,7.29472
2007-04-19,7.29351
2007-04-20,7.30273
2007-04-23,7.30043
2007-04-24,7.30007
2007-04-25,7.31016
2007-04-26,7.30938
2007-04-27,7.30926
2007-04-30,7.30140
2007-05-01,7.30405
2007-05-02,7.31050
2007-05-03,7.31481
2007-05-04,7.31696
2007-05-07,7.31952
2007-05-08,7.31835
2007-05-09,7.32157
2007-05-10,7.30752
2007-05-11,7.31711
2007-05-14,7.31532
2007-05-15,7.31401
2007-05-16,7.32260
2007-05-17,7.32168
2007-05-18,7.32827
2007-05-21,7.32982
2007-05-22,7.32917
2007-05-23,7.32796
2007-05-24,7.31821
2007-05-25,7.32365
2007-05-29,7.32522
2007-05-30,7.33317
2007-05-31,7.33343
2007-06-01,7.33716
2007-06-04,7.33901
2007-06-05,7.33364
2007-06-06,7.32474
2007-06-07,7.30701
2007-06-08,7.31832
2007-06-11,7.31928
2007-06-12,7.30854
2007-06-13,7.32361
2007-06-14,7.32842
2007-06-15,7.33492
2007-06-18,7.33371
2007-06-19,7.33544
2007-06-20,7.32174
2007-06-21,7.32791
2007-06-22,7.31493
2007-06-25,7.31171
2007-06-26,7.30847
2007-06-27,7.31744
2007-06-28,7.31702
2007-06-29,7.31545
2007-07-02,7.32609
2007-07-03,7.32966
2007-07-05,7.33001
2007-07-06,7.33331
2007-07-09,7.33423
2007-07-10,7.31994
2007-07-11,7.32565
2007-07-12,7.34453
2007-07-13,7.34762
2007-07-16,7.34570
2007-07-17,7.34560
2007-07-18,7.34354
2007-07-19,7.34800
2007-07-20,7.33570
2007-07-23,7.34056
2007-07-24,7.32055
2007-07-25,7.32521
2007-07-26,7.30159
2007-07-27,7.28547
2007-07-30,7.29567
2007-07-31,7.28295
2007-08-01,7.29016
2007-08-02,7.29451
2007-08-03,7.26757
2007-08-06,7.29143
2007-08-07,7.29757
2007-08-08,7.31155
2007-08-09,7.28145
2007-08-10,7.28183
2007-08-13,7.28133
2007-08-14,7.26301
2007-08-15,7.24900
2007-08-16,7.25225
2007-08-17,7.27651
2007-08-20,7.27625
2007-08-21,7.27733
2007-08-22,7.28898
2007-08-23,7.28790
2007-08-24,7.29937
2007-08-27,7.29083
2007-08-28,7.26708
2007-08-29,7.28876
2007-08-30,7.28457
2007-08-31,7.29573
2007-09-04,7.30614
2007-09-05,7.29457
2007-09-06,7.29882
2007-09-07,7.28176
2007-09-10,7.28049
2007-09-11,7.29403
2007-09-12,7.29408
2007-09-13,7.30246
2007-09-14,7.30266
2007-09-17,7.29753
2007-09-18,7.32632
2007-09-19,7.33239
2007-09-20,7.32564
2007-09-21,7.33024
2007-09-24,7.32497
2007-09-25,7.32463
2007-09-26,7.33003
2007-09-27,7.33392
2007-09-28,7.33090
2007-10-01,7.34410
2007-10-02,7.34383
2007-10-03,7.33927
2007-10-04,7.34138
2007-10-05,7.35090
2007-10-08,7.34767
2007-10-09,7.35574
2007-10-10,7.35402
2007-10-11,7.34885
2007-10-12,7.35359
2007-10-15,7.34518
2007-10-16,7.33858
2007-10-17,7.34034
2007-10-18,7.33959
2007-10-19,7.31364
2007-10-22,7.31743
2007-10-23,7.32620
2007-10-24,7.32375
2007-10-25,7.32277
2007-10-26,7.33647
2007-10-29,7.34017
2007-10-30,7.33369
2007-10-31,7.34561
2007-11-01,7.31883
2007-11-02,7.31963
2007-11-05,7.31467
2007-11-06,7.32664
2007-11-07,7.29683
2007-11-08,7.29626
2007-11-09,7.28187
2007-11-12,7.27183
2007-11-13,7.30051
2007-11-14,7.29341
2007-11-15,7.28011
2007-11-16,7.28533
2007-11-19,7.26771
2007-11-20,7.27219
2007-11-21,7.25613
2007-11-23,7.27288
2007-11-26,7.24937
2007-11-27,7.26419
2007-11-28,7.29235
2007-11-29,7.29283
2007-11-30,7.30057
2007-12-03,7.29466
2007-12-04,7.28810
2007-12-05,7.30318
2007-12-06,7.31810
2007-12-07,7.31632
2007-12-10,7.32380
2007-12-11,7.29821
2007-12-12,7.30424
2007-12-13,7.30546
2007-12-14,7.29162
2007-12-17,7.27649
2007-12-18,7.28275
2007-12-19,7.28139
2007-12-20,7.28627
2007-12-21,7.30281
2007-12-24,7.31085
2007-12-26,7.31166
2007-12-27,7.29734
2007-12-28,7.29878
2007-12-31,7.29190
2008-01-02,7.27736
2008-01-03,7.27736
2008-01-04,7.25250
2008-01-07,7.25572
2008-01-08,7.23720
2008-01-09,7.25073
2008-01-10,7.25864
2008-01-11,7.24496
2008-01-14,7.25577
2008-01-15,7.23053
2008-01-16,7.22490
2008-01-17,7.19537
2008-01-18,7.18931
2008-01-22,7.17816
2008-01-23,7.19938
2008-01-24,7.20939
2008-01-25,7.19339
2008-01-28,7.21080
2008-01-29,7.21693
2008-01-30,7.21215
2008-01-31,7.22879
2008-02-01,7.24095
2008-02-04,7.23043
2008-02-05,7.19791
2008-02-06,7.19026
2008-02-07,7.19812
2008-02-08,7.19390
2008-02-11,7.19978
2008-02-12,7.20702
2008-02-13,7.22053
2008-02-14,7.20702
2008-02-15,7.20785
2008-02-19,7.20696
2008-02-20,7.21526
2008-02-21,7.20231
2008-02-22,7.21016
2008-02-25,7.22388
2008-02-26,7.23077
2008-02-27,7.22985
2008-02-28,7.22087
2008-02-29,7.19341
2008-03-03,7.19394
2008-03-04,7.19049
2008-03-05,7.19571
2008-03-06,7.17345
2008-03-07,7.16501
2008-03-10,7.14942
2008-03-11,7.18588
2008-03-12,7.17684
2008-03-13,7.18196
2008-03-14,7.16095
2008-03-17,7.15196
2008-03-18,7.19349
2008-03-19,7.16890
2008-03-20,7.19257
2008-03-24,7.20777
2008-03-25,7.21007
2008-03-26,7.20127
2008-03-27,7.18974
2008-03-28,7.18176
2008-03-31,7.18743
2008-04-01,7.22270
2008-04-02,7.22076
2008-04-03,7.22206
2008-04-04,7.22286
2008-04-07,7.22442
2008-04-08,7.21931
2008-04-09,7.21118
2008-04-10,7.21564
2008-04-11,7.19506
2008-04-14,7.19167
2008-04-15,7.19626
2008-04-16,7.21870
2008-04-17,7.21932
2008-04-18,7.23730
2008-04-21,7.23574
2008-04-22,7.22689
2008-04-23,7.22979
2008-04-24,7.23621
2008-04-25,7.24268
2008-04-28,7.24163
2008-04-29,7.23774
2008-04-30,7.23388
2008-05-01,7.25088
2008-05-02,7.25411
2008-05-05,7.24956
2008-05-06,7.25719
2008-05-07,7.23891
2008-05-08,7.24257
2008-05-09,7.23582
2008-05-12,7.24678
2008-05-13,7.24640
2008-05-14,7.25039
2008-05-15,7.26092
2008-05-16,7.26217
2008-05-19,7.26307
2008-05-20,7.25375
2008-05-21,7.23757
2008-05-22,7.24018
2008-05-23,7.22689
2008-05-27,7.23371
2008-05-28,7.23766
2008-05-29,7.24298
2008-05-30,7.24450
2008-06-02,7.23394
2008-06-03,7.22813
2008-06-04,7.22781
2008-06-05,7.24712
2008-06-06,7.21574
2008-06-09,7.21653
2008-06-10,7.21409
2008-06-11,7.19705
2008-06-12,7.20033
2008-06-13,7.21526
2008-06-16,7.21534
2008-06-17,7.20855
2008-06-18,7.19879
2008-06-19,7.20253
2008-06-20,7.18382
2008-06-23,7.18387
2008-06-24,7.18105
2008-06-25,7.18688
2008-06-26,7.15707
2008-06-27,7.15335
2008-06-30,7.15462
2008-07-01,7.15844
2008-07-02,7.14007
2008-07-03,7.14117
2008-07-07,7.13275
2008-07-08,7.14968
2008-07-09,7.12664
2008-07-10,7.13361
2008-07-11,7.12246
2008-07-14,7.11339
2008-07-15,7.10243
2008-07-16,7.12718
2008-07-17,7.13912
2008-07-18,7.13941
2008-07-21,7.13887
2008-07-22,7.15227
2008-07-23,7.15632
2008-07-24,7.13293
2008-07-25,7.13709
2008-07-28,7.11832
2008-07-29,7.14140
2008-07-30,7.15794
2008-07-31,7.14471
2008-08-01,7.13911
2008-08-04,7.13011
2008-08-05,7.15842
2008-08-06,7.16177
2008-08-07,7.14367
2008-08-08,7.16728
2008-08-11,7.17420
2008-08-12,7.16208
2008-08-13,7.15916
2008-08-14,7.16467
2008-08-15,7.16873
2008-08-18,7.15352
2008-08-19,7.14416
2008-08-20,7.15034
2008-08-21,7.15283
2008-08-22,7.16410
2008-08-25,7.14428
2008-08-26,7.14796
2008-08-27,7.15591
2008-08-28,7.17064
2008-08-29,7.15682
2008-09-02,7.15272
2008-09-03,7.15069
2008-09-04,7.12031
2008-09-05,7.12473
2008-09-08,7.14503
2008-09-09,7.11030
2008-09-10,7.11643
2008-09-11,7.13014
2008-09-12,7.13226
2008-09-15,7.08397
2008-09-16,7.10134
2008-09-17,7.05306
2008-09-18,7.09549
2008-09-19,7.13495
2008-09-22,7.09597
2008-09-23,7.08021
2008-09-24,7.07823
2008-09-25,7.09770
2008-09-26,7.10086
2008-09-29,7.00886
2008-09-30,7.06164
2008-10-01,7.05709
2008-10-02,7.01596
2008-10-03,7.00237
2008-10-06,6.96309
2008-10-07,6.90398
2008-10-08,6.89258
2008-10-09,6.81336
2008-10-10,6.80153
2008-10-13,6.91110
2008-10-14,6.90576
2008-10-15,6.81107
2008-10-16,6.85270
2008-10-17,6.84646
2008-10-20,6.89305
2008-10-21,6.86176
2008-10-22,6.79881
2008-10-23,6.81137
2008-10-24,6.77624
2008-10-27,6.74396
2008-10-28,6.84642
2008-10-29,6.83528
2008-10-30,6.86076
2008-10-31,6.87601
2008-11-03,6.87347
2008-11-04,6.91349
2008-11-05,6.85937
2008-11-06,6.80780
2008-11-07,6.83625
2008-11-10,6.82351
2008-11-11,6.80123
2008-11-12,6.74794
2008-11-13,6.81486
2008-11-14,6.77227
2008-11-17,6.74612
2008-11-18,6.75591
2008-11-19,6.69280
2008-11-20,6.62332
2008-11-21,6.68465
2008-11-24,6.74736
2008-11-25,6.75389
2008-11-26,6.78861
2008-11-28,6.79821
2008-12-01,6.70467
2008-12-02,6.74384
2008-12-03,6.76934
2008-12-04,6.73960
2008-12-05,6.77545
2008-12-08,6.81311
2008-12-09,6.78973
2008-12-10,6.80155
2008-12-11,6.77261
2008-12-12,6.77962
2008-12-15,6.76685
2008-12-16,6.81693
2008-12-17,6.80729
2008-12-18,6.78590
2008-12-19,6.78884
2008-12-22,6.77037
2008-12-23,6.76060
2008-12-24,6.76636
2008-12-26,6.77171
2008-12-29,6.76783
2008-12-30,6.79194
2008-12-31,6.80600
2009-01-02,6.83712
2009-01-05,6.83244
2009-01-06,6.84023
2009-01-07,6.80976
2009-01-08,6.81315
2009-01-09,6.79161
2009-01-12,6.76879
2009-01-13,6.77055
2009-01-14,6.73652
2009-01-15,6.73784
2009-01-16,6.74538
2009-01-20,6.69112
2009-01-21,6.73369
2009-01-22,6.71841
2009-01-23,6.72377
2009-01-26,6.72931
2009-01-27,6.74018
2009-01-28,6.77318
2009-01-29,6.73950
2009-01-30,6.71645
2009-02-02,6.71592
2009-02-03,6.73163
2009-02-04,6.72411
2009-02-05,6.74034
2009-02-06,6.76688
2009-02-09,6.76837
2009-02-10,6.71800
2009-02-11,6.72592
2009-02-12,6.72766
2009-02-13,6.71761
2009-02-17,6.67098
2009-02-18,6.67003
2009-02-19,6.65793
2009-02-20,6.64646
2009-02-23,6.61114
2009-02-24,6.65046
2009-02-25,6.63975
2009-02-26,6.62384
2009-02-27,6.59999
2009-03-02,6.55225
2009-03-03,6.54582
2009-03-04,6.56930
2009-03-05,6.52584
2009-03-06,6.52705
2009-03-09,6.51698
2009-03-10,6.57870
2009-03-11,6.58114
2009-03-12,6.62106
2009-03-13,6.62877
2009-03-16,6.62525
2009-03-17,6.65688
2009-03-18,6.67752
2009-03-19,6.66446
2009-03-20,6.64449
2009-03-23,6.71286
2009-03-24,6.69223
2009-03-25,6.70181
2009-03-26,6.72487
2009-03-27,6.70434
2009-03-30,6.66890
2009-03-31,6.68195
2009-04-01,6.69837
2009-04-02,6.72669
2009-04-03,6.73637
2009-04-06,6.72801
2009-04-07,6.70386
2009-04-08,6.71558
2009-04-09,6.75292
2009-04-13,6.75545
2009-04-14,6.73519
2009-04-15,6.74766
2009-04-16,6.76308
2009-04-17,6.76803
2009-04-20,6.72430
2009-04-21,6.74533
2009-04-22,6.73762
2009-04-23,6.74749
2009-04-24,6.76415
2009-04-27,6.75403
2009-04-28,6.75129
2009-04-29,6.77267
2009-04-30,6.77172
2009-05-01,6.77710
2009-05-04,6.81041
2009-05-05,6.80661
2009-05-06,6.82386
2009-05-07,6.81057
2009-05-08,6.83436
2009-05-11,6.81261
2009-05-12,6.81163
2009-05-13,6.78437
2009-05-14,6.79466
2009-05-15,6.78319
2009-05-18,6.81313
2009-05-19,6.81139
2009-05-20,6.80624
2009-05-21,6.78934
2009-05-22,6.78784
2009-05-26,6.81381
2009-05-27,6.79465
2009-05-28,6.80996
2009-05-29,6.82344
2009-06-01,6.84893
2009-06-02,6.85091
2009-06-03,6.83708
2009-06-04,6.84849
2009-06-05,6.84598
2009-06-08,6.84496
2009-06-09,6.84846
2009-06-10,6.84498
2009-06-11,6.85107
2009-06-12,6.85246
2009-06-15,6.82841
2009-06-16,6.81561
2009-06-17,6.81422
2009-06-18,6.82260
2009-06-19,6.82571
2009-06-22,6.79463
2009-06-23,6.79694
2009-06-24,6.80344
2009-06-25,6.82466
2009-06-26,6.82318
2009-06-29,6.83220
2009-06-30,6.82363
2009-07-01,6.82799
2009-07-02,6.79841
2009-07-06,6.80097
2009-07-07,6.78109
2009-07-08,6.77942
2009-07-09,6.78296
2009-07-10,6.77893
2009-07-13,6.80356
2009-07-14,6.80886
2009-07-15,6.83806
2009-07-16,6.84667
2009-07-17,6.84628
2009-07-20,6.85765
2009-07-21,6.86127
2009-07-22,6.86074
2009-07-23,6.88376
2009-07-24,6.88680
2009-07-27,6.88977
2009-07-28,6.88716
2009-07-29,6.88259
2009-07-30,6.89442
2009-07-31,6.89516
2009-08-03,6.91038
2009-08-04,6.91339
2009-08-05,6.91047
2009-08-06,6.90483
2009-08-07,6.91818
2009-08-10,6.91483
2009-08-11,6.90209
2009-08-12,6.91355
2009-08-13,6.92040
2009-08-14,6.91184
2009-08-17,6.88728
2009-08-18,6.89737
2009-08-19,6.90421
2009-08-20,6.91510
2009-08-21,6.93355
2009-08-24,6.93300
2009-08-25,6.93537
2009-08-26,6.93549
2009-08-27,6.93827
2009-08-28,6.93627
2009-08-31,6.92817
2009-09-01,6.90579
2009-09-02,6.90249
2009-09-03,6.91099
2009-09-04,6.92402
2009-09-08,6.93283
2009-09-09,6.94058
2009-09-10,6.95095
2009-09-11,6.94960
2009-09-14,6.95592
2009-09-15,6.95905
2009-09-16,6.97425
2009-09-17,6.97119
2009-09-18,6.97382
2009-09-21,6.97041
2009-09-22,6.97696
2009-09-23,6.96684
2009-09-24,6.95729
2009-09-25,6.95118
2009-09-28,6.96883
2009-09-29,6.96660
2009-09-30,6.96327
2009-10-01,6.93717
2009-10-02,6.93265
2009-10-05,6.94742
2009-10-06,6.96103
2009-10-07,6.96374
2009-10-08,6.97118
2009-10-09,6.97681
2009-10-12,6.98118
2009-10-13,6.97839
2009-10-14,6.99578
2009-10-15,6.99993
2009-10-16,6.99180
2009-10-19,7.00116
2009-10-20,6.99490
2009-10-21,6.98601
2009-10-22,6.99660
2009-10-23,6.98435
2009-10-26,6.97256
2009-10-27,6.96924
2009-10-28,6.94950
2009-10-29,6.97177
2009-10-30,6.94331
2009-11-02,6.94974
2009-11-03,6.95216
2009-11-04,6.95321
2009-11-05,6.97226
2009-11-06,6.97476
2009-11-09,6.99675
2009-11-10,6.99669
2009-11-11,7.00171
2009-11-12,6.99140
2009-11-13,6.99712
2009-11-16,7.01148
2009-11-17,7.01240
2009-11-18,7.01194
2009-11-19,6.99842
2009-11-20,6.99520
2009-11-23,7.00872
2009-11-24,7.00819
2009-11-25,7.01268
2009-11-27,6.99530
2009-11-30,6.99908
2009-12-01,7.01109
2009-12-02,7.01143
2009-12-03,7.00299
2009-12-04,7.00849
2009-12-07,7.00602
2009-12-08,6.99571
2009-12-09,6.99938
2009-12-10,7.00520
2009-12-11,7.00888
2009-12-14,7.01581
2009-12-15,7.01025
2009-12-16,7.01138
2009-12-17,6.99950
2009-12-18,7.00531
2009-12-21,7.01576
2009-12-22,7.01931
2009-12-23,7.02161
2009-12-24,7.02685
2009-12-28,7.02801
2009-12-29,7.02660
2009-12-30,7.02680
2009-12-31,7.01670
2010-01-04,7.03262
2010-01-05,7.03573
2010-01-06,7.03627
2010-01-07,7.04026
2010-01-08,7.04314
2010-01-11,7.04489
2010-01-12,7.03546
2010-01-13,7.04375
2010-01-14,7.04618
2010-01-15,7.03530
2010-01-19,7.04772
2010-01-20,7.03706
2010-01-21,7.01794
2010-01-22,6.99555
2010-01-25,7.00013
2010-01-26,6.99592
2010-01-27,7.00079
2010-01-28,6.98890
2010-01-29,6.97902
2010-02-01,6.99319
2010-02-02,7.00608
2010-02-03,7.00059
2010-02-04,6.96895
2010-02-05,6.97185
2010-02-08,6.96294
2010-02-09,6.97590
2010-02-10,6.97366
2010-02-11,6.98330
2010-02-12,6.98055
2010-02-16,6.99839
2010-02-17,7.00262
2010-02-18,7.00918
2010-02-19,7.01137
2010-02-22,7.01032
2010-02-23,6.99814
2010-02-24,7.00782
2010-02-25,7.00573
2010-02-26,7.00714
2010-03-01,7.01725
2010-03-02,7.01957
2010-03-03,7.02000
2010-03-04,7.02373
2010-03-05,7.03764
2010-03-08,7.03747
2010-03-09,7.03918
2010-03-10,7.04369
2010-03-11,7.04773
2010-03-12,7.04751
2010-03-15,7.04796
2010-03-16,7.05571
2010-03-17,7.06151
2010-03-18,7.06119
2010-03-19,7.05609
2010-03-22,7.06117
2010-03-23,7.06832
2010-03-24,7.06281
2010-03-25,7.06110
2010-03-26,7.06184
2010-03-29,7.06751
2010-03-30,7.06755
2010-03-31,7.06427
2010-04-01,7.07166
2010-04-05,7.07956
2010-04-06,7.08124
2010-04-07,7.07534
2010-04-08,7.07871
2010-04-09,7.08537
2010-04-12,7.08714
2010-04-13,7.08782
2010-04-14,7.09891
2010-04-15,7.09975
2010-04-16,7.08350
2010-04-19,7.08801
2010-04-20,7.09603
2010-04-21,7.09501
2010-04-22,7.09728
2010-04-23,7.10437
2010-04-26,7.10007
2010-04-27,7.07641
2010-04-28,7.08285
2010-04-29,7.09571
2010-04-30,7.07892
2010-05-03,7.09196
2010-05-04,7.06783
2010-05-05,7.06125
2010-05-06,7.02833
2010-05-07,7.01291
2010-05-10,7.05594
2010-05-11,7.05254
2010-05-12,7.06619
2010-05-13,7.05397
2010-05-14,7.03499
2010-05-17,7.03610
2010-05-18,7.02180
2010-05-19,7.01665
2010-05-20,6.97690
2010-05-21,6.99181
2010-05-24,6.97882
2010-05-25,6.97917
2010-05-26,6.97350
2010-05-27,7.00584
2010-05-28,6.99339
2010-06-01,6.97608
2010-06-02,7.00159
2010-06-03,7.00563
2010-06-04,6.97062
2010-06-07,6.95699
2010-06-08,6.96791
2010-06-09,6.96195
2010-06-10,6.99103
2010-06-11,6.99540
2010-06-14,6.99359
2010-06-15,7.01682
2010-06-16,7.01626
2010-06-17,7.01754
2010-06-18,7.01886
2010-06-21,7.01499
2010-06-22,6.99879
2010-06-23,6.99580
2010-06-24,6.97886
2010-06-25,6.98171
2010-06-28,6.97968
2010-06-29,6.94817
2010-06-30,6.93800
2010-07-01,6.93476
2010-07-02,6.93008
2010-07-06,6.93543
2010-07-07,6.96628
2010-07-08,6.97565
2010-07-09,6.98283
2010-07-12,6.98356
2010-07-13,6.99882
2010-07-14,6.99866
2010-07-15,6.99986
2010-07-16,6.97062
2010-07-19,6.97658
2010-07-20,6.98793
2010-07-21,6.97503
2010-07-22,6.99729
2010-07-23,7.00548
2010-07-26,7.01662
2010-07-27,7.01557
2010-07-28,7.00862
2010-07-29,7.00446
2010-07-30,7.00452
2010-08-02,7.02630
2010-08-03,7.02149
2010-08-04,7.02753
2010-08-05,7.02626
2010-08-06,7.02255
2010-08-09,7.02802
2010-08-10,7.02203
2010-08-11,6.99345
2010-08-12,6.98805
2010-08-13,6.98402
2010-08-16,6.98414
2010-08-17,6.99626
2010-08-18,6.99774
2010-08-19,6.98066
2010-08-20,6.97699
2010-08-23,6.97294
2010-08-24,6.95832
2010-08-25,6.96161
2010-08-26,6.95389
2010-08-27,6.97035
2010-08-30,6.95552
2010-08-31,6.95591
2010-09-01,6.98498
2010-09-02,6.99402
2010-09-03,7.00716
2010-09-07,6.99562
2010-09-08,7.00204
2010-09-09,7.00686
2010-09-10,7.01171
2010-09-13,7.02278
2010-09-14,7.02207
2010-09-15,7.02560
2010-09-16,7.02524
2010-09-17,7.02606
2010-09-20,7.04116
2010-09-21,7.03859
2010-09-22,7.03375
2010-09-23,7.02539
2010-09-24,7.04636
2010-09-27,7.04068
2010-09-28,7.04552
2010-09-29,7.04292
2010-09-30,7.03984
2010-10-01,7.04424
2010-10-04,7.03617
2010-10-05,7.05682
2010-10-06,7.05615
2010-10-07,7.05450
2010-10-08,7.06061
2010-10-11,7.06075
2010-10-12,7.06456
2010-10-13,7.07166
2010-10-14,7.06801
2010-10-15,7.07004
2010-10-18,7.07725
2010-10-19,7.06125
2010-10-20,7.07172
2010-10-21,7.07349
2010-10-22,7.07588
2010-10-25,7.07802
2010-10-26,7.07804
2010-10-27,7.07534
2010-10-28,7.07647
2010-10-29,7.07603
2010-11-01,7.07697
2010-11-02,7.08470
2010-11-03,7.08838
2010-11-04,7.10747
2010-11-05,7.11139
2010-11-08,7.10927
2010-11-09,7.10118
2010-11-10,7.10555
2010-11-11,7.10130
2010-11-12,7.08942
2010-11-15,7.08820
2010-11-16,7.07186
2010-11-17,7.07207
2010-11-18,7.08731
2010-11-19,7.08985
2010-11-22,7.08828
2010-11-23,7.07389
2010-11-24,7.08870
2010-11-26,7.08120
2010-11-29,7.07982
2010-11-30,7.07374
2010-12-01,7.09512
2010-12-02,7.10786
2010-12-03,7.11046
2010-12-06,7.10916
2010-12-07,7.10968
2010-12-08,7.11337
2010-12-09,7.11721
2010-12-10,7.12319
2010-12-13,7.12324
2010-12-14,7.12415
2010-12-15,7.11901
2010-12-16,7.12518
2010-12-17,7.12601
2010-12-20,7.12856
2010-12-21,7.13457
2010-12-22,7.13795
2010-12-23,7.13630
2010-12-27,7.13691
2010-12-28,7.13768
2010-12-29,7.13869
2010-12-30,7.13718
2010-12-31,7.13699
2011-01-03,7.14824
2011-01-04,7.14693
2011-01-05,7.15192
2011-01-06,7.14980
2011-01-07,7.14795
2011-01-10,7.14658
2011-01-11,7.15029
2011-01-12,7.15926
2011-01-13,7.15755
2011-01-14,7.16491
2011-01-18,7.16628
2011-01-19,7.15611
2011-01-20,7.15482
2011-01-21,7.15723
2011-01-24,7.16305
2011-01-25,7.16331
2011-01-26,7.16752
2011-01-27,7.16977
2011-01-28,7.15175
2011-01-31,7.15939
2011-02-01,7.17594
2011-02-02,7.17321
2011-02-03,7.17557
2011-02-04,7.17845
2011-02-07,7.18467
2011-02-08,7.18884
2011-02-09,7.18605
2011-02-10,7.18680
2011-02-11,7.19229
2011-02-14,7.19468
2011-02-15,7.19144
2011-02-16,7.19767
2011-02-17,7.20075
2011-02-18,7.20267
2011-02-22,7.18193
2011-02-23,7.17580
2011-02-24,7.17480
2011-02-25,7.18530
2011-02-28,7.19084
2011-03-01,7.17498
2011-03-02,7.17659
2011-03-03,7.19366
2011-03-04,7.18626
2011-03-07,7.17788
2011-03-08,7.18676
2011-03-09,7.18540
2011-03-10,7.16635
2011-03-11,7.17341
2011-03-14,7.16734
2011-03-15,7.15608
2011-03-16,7.13639
2011-03-17,7.14970
2011-03-18,7.15399
2011-03-21,7.16887
2011-03-22,7.16532
2011-03-23,7.16823
2011-03-24,7.17752
2011-03-25,7.18068
2011-03-28,7.17793
2011-03-29,7.18496
2011-03-30,7.19163
2011-03-31,7.18979
2011-04-01,7.19474
2011-04-04,7.19509
2011-04-05,7.19491
2011-04-06,7.19709
2011-04-07,7.19557
2011-04-08,7.19156
2011-04-11,7.18876
2011-04-12,7.18095
2011-04-13,7.18114
2011-04-14,7.18123
2011-04-15,7.18514
2011-04-18,7.17407
2011-04-19,7.17978
2011-04-20,7.19320
2011-04-21,7.19847
2011-04-25,7.19687
2011-04-26,7.20581
2011-04-27,7.21204
2011-04-28,7.21559
2011-04-29,7.21789
2011-05-02,7.21614
2011-05-03,7.21275
2011-05-04,7.20587
2011-05-05,7.19676
2011-05-06,7.20057
2011-05-09,7.20511
2011-05-10,7.21315
2011-05-11,7.20198
2011-05-12,7.20686
2011-05-13,7.19876
2011-05-16,7.19254
2011-05-17,7.19217
2011-05-18,7.20093
2011-05-19,7.20311
2011-05-20,7.19539
2011-05-23,7.18339
2011-05-24,7.18256
2011-05-25,7.18574
2011-05-26,7.18969
2011-05-27,7.19376
2011-05-31,7.20430
2011-06-01,7.18125
2011-06-02,7.18002
2011-06-03,7.17024
2011-06-06,7.15942
2011-06-07,7.15847
2011-06-08,7.15427
2011-06-09,7.16162
2011-06-10,7.14754
2011-06-13,7.14821
2011-06-14,7.16074
2011-06-15,7.14316
2011-06-16,7.14491
2011-06-17,7.14795
2011-06-20,7.15333
2011-06-21,7.16667
2011-06-22,7.16018
2011-06-23,7.15735
2011-06-24,7.14555
2011-06-27,7.15469
2011-06-28,7.16755
2011-06-29,7.17580
2011-06-30,7.18587
2011-07-01,7.20018
2011-07-05,7.19884
2011-07-06,7.19984
2011-07-07,7.21024
2011-07-08,7.20326
2011-07-11,7.18500
2011-07-12,7.18056
2011-07-13,7.18366
2011-07-14,7.17692
2011-07-15,7.18246
2011-07-18,7.17430
2011-07-19,7.19047
2011-07-20,7.18980
2011-07-21,7.20326
2011-07-22,7.20416
2011-07-25,7.19851
2011-07-26,7.19439
2011-07-27,7.17387
2011-07-28,7.17063
2011-07-29,7.16416
2011-08-01,7.16002
2011-08-02,7.13413
2011-08-03,7.13914
2011-08-04,7.09014
2011-08-05,7.08956
2011-08-08,7.02060
2011-08-09,7.06692
2011-08-10,7.02176
2011-08-11,7.06701
2011-08-12,7.07226
2011-08-15,7.09381
2011-08-16,7.08403
2011-08-17,7.08497
2011-08-18,7.03935
2011-08-19,7.02423
2011-08-22,7.02449
2011-08-23,7.05820
2011-08-24,7.07123
2011-08-25,7.05555
2011-08-26,7.07055
2011-08-29,7.09844
2011-08-30,7.10079
2011-08-31,7.10570
2011-09-01,7.09375
2011-09-02,7.06815
2011-09-06,7.06068
2011-09-07,7.08893
2011-09-08,7.07826
2011-09-09,7.05119
2011-09-12,7.05813
2011-09-13,7.06721
2011-09-14,7.08060
2011-09-15,7.09764
2011-09-16,7.10333
2011-09-19,7.09348
2011-09-20,7.09182
2011-09-21,7.06199
2011-09-22,7.02958
2011-09-23,7.03565
2011-09-26,7.05872
2011-09-27,7.06935
2011-09-28,7.04844
2011-09-29,7.05652
2011-09-30,7.03123
2011-10-03,7.00237
2011-10-04,7.02460
2011-10-05,7.04231
2011-10-06,7.06045
2011-10-07,7.05225
2011-10-10,7.08581
2011-10-11,7.08635
2011-10-12,7.09610
2011-10-13,7.09312
2011-10-14,7.11035
2011-10-17,7.09079
2011-10-18,7.11101
2011-10-19,7.09828
2011-10-20,7.10282
2011-10-21,7.12145
2011-10-24,7.13425
2011-10-25,7.11400
2011-10-26,7.12448
2011-10-27,7.15819
2011-10-28,7.15858
2011-10-31,7.13354
2011-11-01,7.10520
2011-11-02,7.12117
2011-11-03,7.13978
2011-11-04,7.13348
2011-11-07,7.13976
2011-11-08,7.15142
2011-11-09,7.11404
2011-11-10,7.12262
2011-11-11,7.14192
2011-11-14,7.13232
2011-11-15,7.13713
2011-11-16,7.12037
2011-11-17,7.10343
2011-11-18,7.10303
2011-11-21,7.08421
2011-11-22,7.08006
2011-11-23,7.05772
2011-11-25,7.05503
2011-11-28,7.08385
2011-11-29,7.08606
2011-11-30,7.12846
2011-12-01,7.12655
2011-12-02,7.12631
2011-12-05,7.13655
2011-12-06,7.13765
2011-12-07,7.13967
2011-12-08,7.11830
2011-12-09,7.13504
2011-12-12,7.12002
2011-12-13,7.11129
2011-12-14,7.09988
2011-12-15,7.10312
2011-12-16,7.10633
2011-12-19,7.09453
2011-12-20,7.12391
2011-12-21,7.12586
2011-12-22,7.13409
2011-12-23,7.14309
2011-12-27,7.14317
2011-12-28,7.13061
2011-12-29,7.14126
2011-12-30,7.13696
2012-01-03,7.15232
2012-01-04,7.15250
2012-01-05,7.15544
2012-01-06,7.15290
2012-01-09,7.15516
2012-01-10,7.16401
2012-01-11,7.16432
2012-01-12,7.16665
2012-01-13,7.16169
2012-01-17,7.16524
2012-01-18,7.17629
2012-01-19,7.18121
2012-01-20,7.18188
2012-01-23,7.18235
2012-01-24,7.18133
2012-01-25,7.18996
2012-01-26,7.18420
2012-01-27,7.18260
2012-01-30,7.18008
2012-01-31,7.17962
2012-02-01,7.18848
2012-02-02,7.18958
2012-02-03,7.20407
2012-02-06,7.20365
2012-02-07,7.20567
2012-02-08,7.20783
2012-02-09,7.20930
2012-02-10,7.20239
2012-02-13,7.20917
2012-02-14,7.20823
2012-02-15,7.20283
2012-02-16,7.21380
2012-02-17,7.21614
2012-02-21,7.21686
2012-02-22,7.21352
2012-02-23,7.21778
2012-02-24,7.21945
2012-02-27,7.22081
2012-02-28,7.22416
2012-02-29,7.21941
2012-03-01,7.22555
2012-03-02,7.22230
2012-03-05,7.21842
2012-03-06,7.20293
2012-03-07,7.20981
2012-03-08,7.21958
2012-03-09,7.22320
2012-03-12,7.22336
2012-03-13,7.24133
2012-03-14,7.24013
2012-03-15,7.24608
2012-03-16,7.24720
2012-03-19,7.25117
2012-03-20,7.24816
2012-03-21,7.24629
2012-03-22,7.23906
2012-03-23,7.24216
2012-03-26,7.25595
2012-03-27,7.25313
2012-03-28,7.24818
2012-03-29,7.24657
2012-03-30,7.25026
2012-04-02,7.25774
2012-04-03,7.25374
2012-04-04,7.24348
2012-04-05,7.24286
2012-04-09,7.23143
2012-04-10,7.21420
2012-04-11,7.22162
2012-04-12,7.23531
2012-04-13,7.22276
2012-04-16,7.22225
2012-04-17,7.23762
2012-04-18,7.23356
2012-04-19,7.22760
2012-04-20,7.22877
2012-04-23,7.22033
2012-04-24,7.22400
2012-04-25,7.23756
2012-04-26,7.24421
2012-04-27,7.24662
2012-04-30,7.24273
2012-05-01,7.24838
2012-05-02,7.24588
2012-05-03,7.23819
2012-05-04,7.22191
2012-05-07,7.22226
2012-05-08,7.21797
2012-05-09,7.21125
2012-05-10,7.21376
2012-05-11,7.21037
2012-05-14,7.19919
2012-05-15,7.19343
2012-05-16,7.18902
2012-05-17,7.17385
2012-05-18,7.16644
2012-05-21,7.18234
2012-05-22,7.18283
2012-05-23,7.18452
2012-05-24,7.18590
2012-05-25,7.18373
2012-05-29,7.19475
2012-05-30,7.18031
2012-05-31,7.17803
2012-06-01,7.15308
2012-06-04,7.15319
2012-06-05,7.15890
2012-06-06,7.18169
2012-06-07,7.18158
2012-06-08,7.18967
2012-06-11,7.17697
2012-06-12,7.18855
2012-06-13,7.18150
2012-06-14,7.19226
2012-06-15,7.20254
2012-06-18,7.20399
2012-06-19,7.21375
2012-06-20,7.21207
2012-06-21,7.18955
2012-06-22,7.19670
2012-06-25,7.18062
2012-06-26,7.18538
2012-06-27,7.19432
2012-06-28,7.19221
2012-06-29,7.21683
2012-07-02,7.21928
2012-07-03,7.22550
2012-07-05,7.22080
2012-07-06,7.21132
2012-07-09,7.20968
2012-07-10,7.20152
2012-07-11,7.20151
2012-07-12,7.19651
2012-07-13,7.21287
2012-07-16,7.21055
2012-07-17,7.21793
2012-07-18,7.22459
2012-07-19,7.22731
2012-07-20,7.21719
2012-07-23,7.20824
2012-07-24,7.19916
2012-07-25,7.19885
2012-07-26,7.21525
2012-07-27,7.23416
2012-07-30,7.23367
2012-07-31,7.22935
2012-08-01,7.22631
2012-08-02,7.21891
2012-08-03,7.23777
2012-08-06,7.24010
2012-08-07,7.24519
2012-08-08,7.24581
2012-08-09,7.24623
2012-08-10,7.24841
2012-08-13,7.24716
2012-08-14,7.24703
2012-08-15,7.24817
2012-08-16,7.25525
2012-08-17,7.25712
2012-08-20,7.25709
2012-08-21,7.25359
2012-08-22,7.25382
2012-08-23,7.24571
2012-08-24,7.25215
2012-08-27,7.25166
2012-08-28,7.25085
2012-08-29,7.25169
2012-08-30,7.24386
2012-08-31,7.24892
2012-09-04,7.24775
2012-09-05,7.24668
2012-09-06,7.26691
2012-09-07,7.27095
2012-09-10,7.26479
2012-09-11,7.26792
2012-09-12,7.27001
2012-09-13,7.28618
2012-09-14,7.29014
2012-09-17,7.28701
2012-09-18,7.28573
2012-09-19,7.28691
2012-09-20,7.28637
2012-09-21,7.28629
2012-09-24,7.28406
2012-09-25,7.27350
2012-09-26,7.26775
2012-09-27,7.27735
2012-09-28,7.27286
2012-10-01,7.27551
2012-10-02,7.27638
2012-10-03,7.28000
2012-10-04,7.28715
2012-10-05,7.28683
2012-10-08,7.28337
2012-10-09,7.27343
2012-10-10,7.26722
2012-10-11,7.26741
2012-10-12,7.26444
2012-10-15,7.27249
2012-10-16,7.28271
2012-10-17,7.28681
2012-10-18,7.28437
2012-10-19,7.26766
2012-10-22,7.26810
2012-10-23,7.25355
2012-10-24,7.25046
2012-10-25,7.25345
2012-10-26,7.25272
2012-10-31,7.25288
2012-11-01,7.26374
2012-11-02,7.25432
2012-11-05,7.25648
2012-11-06,7.26430
2012-11-07,7.24031
2012-11-08,7.22803
