x1,x2,x3,tail
1.3113673878647025,1.4014727286088824,0.10440502829467398,False
-0.40458671994314,-1.2747074871352149,-0.6469733571517094,False
0.010641858808183467,-2.3125144574155336,-2.7384702730758725,False
-1.7862531123127683,0.3150390843821323,0.9735486168658873,True
0.577920866453989,0.9743697952809979,-1.307620942601932,False
-1.689236711575065,-0.3968054470189234,-0.31011828538021424,True
-1.8157439805025073,-1.4343866274835835,1.0258447285608168,True
-2.496359597446356,-0.5549046687562507,-1.0077863852803486,True
-1.9430839737377454,-0.8702979948541886,1.3881277248785275,True
-1.7316052403562414,-0.17310996271832838,-1.5339053059289913,True
-1.9506024419785564,-0.08456381442798326,-1.2018359409527004,True
-0.05456006942061878,-0.42787108199765933,-0.7677942808996802,False
1.9563092054275903,-0.5217266723818584,0.1979790808930749,False
-1.5278868788443591,-0.5164760365869785,0.4842829453126559,False
1.3846497726138183,0.9341933879839561,0.9611458677118417,False
-1.776068029989627,-0.2454098798248857,0.7015873530455171,True
-1.8018641116533187,-2.045946766120461,-0.16472591689534702,True
3.099070657852164,-0.0810872724330817,0.3317586692590026,False
-1.9514013228883524,-1.004653376438592,0.41768611559356644,True
-1.2636342216142138,0.133380624811415,-0.5950452675355156,False
-1.7071278064541693,-0.713830374809734,-0.246477748498936,True
1.680165374259353,0.42161547235599706,0.9767846428320062,False
-2.12011957988583,1.2534674056942638,1.0561174391239978,True
-1.1413252589205076,1.4238863349995425,1.502025289289784,False
-1.6768607455260673,-2.680023731009908,1.361181806878655,True
-1.7286241962639004,0.639411594400255,-0.7465308046653675,True
-0.8766107933450834,-0.14453538859379733,-0.2283598117441465,False
-2.2071643360769655,-0.35768655129789745,-1.615020468750877,True
-1.6533216600595158,1.4221590482715918,-1.2509062287457275,True
-2.1248920949636663,-0.018805286918253755,-0.6335430221782001,True
-2.2184374234113267,0.9070821969798161,0.10556003258104263,True
-1.653149308978772,-0.6203506902510589,0.4504038050873413,True
-1.7844002794723293,0.28563710730278946,0.2349310760331656,True
0.19379749194959653,-1.137383074885795,2.108323264763386,False
-0.3640552215871498,1.2930396398154425,-0.6127599374210216,False
-1.7035739134173897,-0.13969144534021494,0.30284002055559855,True
-1.8051040035930142,2.084415748029522,-0.388601473467269,True
-2.6006021282167437,0.22296879107376838,-0.3566317253444286,True
-1.820914948005586,1.3491558780536577,-0.2917646554741441,True
-2.088027892805428,-0.7355549047921303,0.21990241481959213,True
-2.1486648761170533,1.4140280436201504,-0.6866816244389115,True
-1.8761976246579104,0.41145596168984894,0.28124954075377606,True
-1.3480703926993107,0.4011038959400042,-0.5488911896175136,False
-1.9062520352144554,-0.7077821203600543,-0.5708112793381239,True
-1.8193381335205918,-0.21540360258059124,-1.235736861948359,True
-1.8749673627093026,2.470474942164429,0.43109449218100215,True
-0.5121417463071931,-1.451375738431104,0.3566561630891258,False
1.2988176183339477,0.7815671088394582,-0.7226095465310819,False
1.583319704740634,0.25765212329501863,0.8395980544997319,False
-2.520809924760158,0.4922333233556908,1.3092902468392262,True
-2.222451759176179,1.6218591786147287,2.2340014592603583,True
0.21464329352881825,0.4815265967540397,0.2726746288784521,False
0.8015086589553715,-0.987385612395556,-0.895177214535321,False
-0.5212264542650813,1.3672760180876282,-1.797923800298747,False
-2.3263345673286606,0.25471119128531594,0.048382049777096,True
-1.9327572014556407,2.179934520718107,-0.7448571455571799,True
-1.278674826437971,0.6217957165946976,-0.30996237523657344,False
-2.6188424613489936,1.5645434173911947,-1.5907766260788665,True
-1.6622410853553684,0.7220216663985504,-0.6976489845841748,True
0.44491349748440684,0.8552927791600501,0.9520571373648664,False
-2.098766715632038,0.18631345697444648,0.9696002486675032,True
-2.2393500902982812,-0.48421194073994317,0.8124651149713495,True
2.3862970869177653,-0.2308230341836831,-0.04734645499439772,False
1.7856668303782273,0.03842637772480921,-0.5025170616383239,False
1.6746115407814983,-0.04201859339000477,-1.7823937082512482,False
-0.2026987556582889,-0.3596538808152295,0.9358989222888049,False
1.0619963977012354,-1.134261456825016,1.0014284416723904,False
-0.3902974884740094,-0.6479687212268219,0.5275475847613443,False
1.9379585464711613,2.050116889009429,0.46129781812175824,False
-0.7400215267681309,-0.5683052101005711,-0.49793583260637125,False
-0.8474506942062411,0.2773912290863122,1.5646074850031022,False
-1.890819130831369,1.144586013082067,-0.7704824998562151,True
0.3564734457404056,-0.20524461888635898,-1.0017617934449436,False
0.7259680989720086,-2.0281661429966964,1.9506175166973558,False
1.466636457929356,-0.5030498949167305,-1.1406742331199826,False
-2.4419310779330785,1.3242183542151302,0.3734425770760415,True
-1.7486119742781385,-1.1095435736447634,1.2238284263736545,True
-1.9781014561402466,-0.33395912422905694,0.3507727895603999,True
-1.0994917408119007,-1.1075399536272517,-0.07155792052912908,False
-1.653864119425383,0.18659384808871435,-0.5461911248343793,True
-1.8205852588205595,-0.0036810685507263365,0.9166481658204986,True
0.5604126576157322,-0.07158761807929376,0.2024274659157002,False
-0.8965981462842896,-1.4500676679588127,0.7173021693102201,False
0.22919517117953658,-0.3093220190488429,-2.3767779070538273,False
-1.9523556874992316,1.2068778740226496,3.2244493424925826,True
-1.206360886503022,-0.6530449709081783,-0.5151009433565226,False
-1.7823185507741488,-1.3667480759375796,0.503775313212673,True
-1.7478504132563346,-1.1137246536348264,0.5922273941506307,True
1.1662771192027748,0.4967559767863341,0.3189252470457597,False
-1.8650555825830883,-0.2865523234291645,-0.930640535562909,True
-2.122015082458942,-0.07400852188433497,0.3880789244277557,True
-1.692297257531231,-0.856086638189321,-0.8714492020834852,True
-1.4867693475275618,-0.3395046833903199,0.04183629632572655,False
-1.7425664087831896,-0.06914527236307223,-0.3688585257735179,True
-0.16124460512131245,0.24327125467054045,1.8460982073001175,False
0.26722757859049967,-0.134291022183085,0.20058334432313898,False
-1.6754925747538052,0.8234391485457213,0.31180918381180195,True
-1.8906356802945985,-0.4249179276310345,-1.193422243202723,True
-2.718002234728313,1.3220597783235748,-0.9310717123085098,True
-0.7969589673385175,1.2014772590264478,1.1094274809098386,False
-1.948795875223529,0.9001228639558052,0.5244817543656215,True
-0.6980234216204262,1.4974812421672636,-1.1068747737624132,False
-0.13660664019434346,-0.16897398398841015,-1.4679729274330033,False
-1.815657632711724,-0.31835883844416984,1.854534114919395,True
0.44223327509591737,0.5267086498850503,0.8364342898724777,False
0.2490165622378201,0.5725691214506763,1.3722763173763837,False
-2.8304476762817616,0.41857984266211706,0.15786687856095982,True
-2.424059681395847,0.2611734254456683,-0.9802258595133938,True
0.5990609032382144,0.3635935787133465,1.5596696908381553,False
-1.9276175110524365,0.10355478557094763,-0.35334683091488706,True
-1.0142938654510993,-0.6048130298815013,0.86481984081489,False
-1.6679934134789167,-0.4463588185036488,-0.8300326001644178,True
-1.8008234816834716,-0.08243206851622363,0.15912612655338632,True
-1.7860177791846716,0.8071890029730021,1.9525066602756016,True
-0.6060210828063699,0.013185776193496451,0.47566141542766227,False
-1.0682721369067263,-1.192189417135346,0.5777784700226734,False
0.1756919264946886,-1.3208373898124304,0.3296592677249233,False
-1.805784731441543,-0.4119153847850526,-0.5205595191328422,True
-1.9628518300692734,-0.889963412153164,-0.34961086649593653,True
-1.935063075467244,-0.4086949603471257,-1.3244289972034882,True
-2.2303242002461445,-0.10767168764913623,1.6091598752153153,True
-0.8220573204430116,-1.6215994225893124,1.728119808043407,False
0.34335977762806674,-0.031107528008600078,0.6071787003516962,False
-1.7460702509563009,1.6582086462253376,-1.747916237900125,True
-0.2861777352502465,0.1948595326738092,0.011392326440945802,False
-2.8437018980661954,1.042815335145761,-0.3782559321852855,True
-1.0238781359934697,-1.3205525995318124,-0.30450351399923126,False
1.0435952611796804,2.0723043385879314,0.3154817331554636,False
-1.0636571139324031,0.036774710994753275,0.4222038698722781,False
-1.6472731556021138,0.19447764503365636,1.456778176202543,True
-0.08635456017471646,0.2815979065769732,-0.27766377740281845,False
-1.9975129122291302,-0.6988280130296586,-0.7854570727212475,True
-1.6629119143611726,1.086555400171592,0.6591155130635814,True
0.8383998745563015,1.6917039992619076,-0.5753242499612633,False
-0.0023014208516793123,-0.8773254860511941,1.461766139020797,False
-1.8092438929604042,1.3264862386637428,0.9406571307568732,True
-2.17157788641574,-1.7777966382489212,0.022384500391714763,True
-1.653864119425383,0.18659384808871435,-0.5461911248343793,True
-2.2386210573492633,0.7801830965520555,1.3448884232391245,True
1.1181084736592937,0.1568160108511789,1.902635341785788,False
-0.10719938383730665,0.21777125785760154,0.8438646146148387,False
-0.3270681659069353,0.5424333340150217,-1.3934210950996118,False
0.7473810868300043,-0.27943110514817027,0.8376183917764601,False
1.4978591801020793,0.062003845390016875,1.0820129473361635,False
-0.6353389940885591,0.463825767319656,-0.07855679782975127,False
0.5862392460396791,-1.1998742972903054,-1.7293119847867058,False
-1.951921670913136,0.33825140587809915,-0.6812720703502787,True
-2.1573594877527125,2.056933800137659,-0.6112834813827451,True
-1.7425664087831896,-0.06914527236307223,-0.3688585257735179,True
-1.9074495260072808,1.7868585270411297,1.1482007252058135,True
-1.7884144459786155,-0.14408792923691868,0.006799416682361811,True
-2.0371493935833174,0.1325491598895433,0.8383840170672717,True
-1.7524426751220228,1.3183738451858917,0.42711946903106507,True
-1.9761555104669946,-1.516441776828322,-0.980536379496801,True
-1.963010390995906,0.44620099214468834,-0.58484705319376,True
-2.011520829301115,0.5087943901142388,0.13089606933186743,True
-1.9233016930967781,-1.0741793786197098,-1.6955011387658467,True
-0.603349697559517,0.3068358525792044,-0.06629038932991399,False
0.8024878164956573,1.0553480215410804,0.9554138313110421,False
0.36300346134387346,-0.12309656160683169,-0.029582363535855572,False
-2.2907704692695003,-2.45419761149639,-1.3933902960907771,True
-2.0809762832730323,-0.5213307474825958,-0.1611443385179754,True
-1.6622410853553684,0.7220216663985504,-0.6976489845841748,True
1.4836159830103455,0.9206279321023244,0.9263319813521985,False
0.9444437743612005,-1.7026402207801459,-0.32409367342217266,False
-2.0921395106033813,-0.5753695569011716,-0.729373512393235,True
-0.8150813387984484,1.1858350704896163,-0.3107860802668984,False
-2.150634140590939,-0.06143455496857067,-0.267073522503038,True
-1.7248242113338175,-0.4347848187164742,-1.220031087904609,True
-1.9130883537845453,-0.8687315860066083,-0.7529951960517213,True
-0.2581626405242415,-1.4140859397891175,-1.2645474497693854,False
-2.305434859073065,-1.0285480998508412,2.006413358805784,True
1.0054911848637413,-1.1738131436171997,1.6593194880717876,False
0.2203178219562277,-0.995804438546207,1.8084126654083597,False
-0.6675114180375544,0.17907291857944962,0.4828493604533123,False
-1.8622908347005582,-0.4685506647579176,0.17786645497880174,True
-1.7619650645449034,0.9695618558384524,1.7848395547603533,True
0.9386312460907179,0.3953757120907388,0.24522005913435269,False
-1.699098608777158,0.2646945999498562,-1.0170401874566362,True
-1.701557485669356,-0.17314376964967682,0.43696327408651353,True
-1.7171143913737195,0.6363770430149704,0.83744029545639,True
-0.5845161938718809,0.1065657632363379,0.839737380891752,False
-1.9059616446200707,-0.5523879840258953,-2.228954946008625,True
0.7278049998476789,0.5143800421912205,-0.28481232827441716,False
-2.210545372745293,-1.3105919151813539,0.24162820258657683,True
-0.7603906327529355,0.5915435898662819,-0.9076334688006545,False
1.463459622378944,-0.5105863489425538,0.5439346042664737,False
1.3412932813526155,-0.013582288172956685,-1.6400559346945245,False
0.4497478645049726,-0.13951549329577767,0.7848043081138941,False
-0.046363925254568755,1.1013793458480348,-0.7600657292513108,False
-1.6980200449747833,-0.6149908029388489,-1.5373786209132554,True
1.3113673878647025,1.4014727286088824,0.10440502829467398,False
-0.4794371597015951,0.34995603537603953,-0.5465111847178793,False
1.098307501565834,-0.1681085668004879,0.93444730395932,False
-1.6455184408591905,-0.8683155067093086,-1.5068474246330679,True
1.6788568318171606,-0.5046843214501777,1.0011723036975535,False
-1.8828340351195139,-2.0278062191900106,-0.4413764546793286,True
-2.5899397364584824,-0.3178190574581265,-0.4096584944855636,True
1.3309758003642578,-1.7665390962231102,0.20875460098058513,False
-2.102012927803716,-1.6114061169217913,0.24484567761534684,True
0.30297441575733414,0.03363449261892814,0.7519288068727101,False
-1.9145340081868452,-2.565528290684351,0.19696408671139062,True
-1.7098060209397759,0.8346991788812682,-1.32780555588981,True
-0.7829409850338341,2.8573486854688754,0.3091282809423012,False
-0.7488970803142199,0.3629884231157567,2.03462073258553,False
-0.9732156871273392,-0.7241260772658478,0.3486447188040883,False
-1.159119655574284,1.0830373617712654,-1.068104763262596,False
-0.3713180135412193,0.15422333511648575,0.13561292244786155,False
-2.091142269563087,0.8324850209521892,-0.8191625304418625,True
-0.6688253148411443,0.14681361507604643,0.47891506415953805,False
-1.6778099816650933,-0.39098000871680516,0.03777548266650583,True
-2.2212820883865674,1.1491671558090566,1.129775841794833,True
0.7066587523273854,1.5425477240776335,0.2970856265464465,False
0.28307371497869166,-1.1409620960153561,-0.760482567641255,False
0.3810560386347094,-0.002111181693637615,0.11357969917339654,False
-2.1373303253807756,0.8311425510792643,1.082578788551979,True
-2.1644260699335507,-0.34756641383316605,-0.18829363048798026,True
1.1015764139118356,0.05907787778238534,0.2305021299030713,False
-1.890112379459413,-0.733131267176223,-0.5948075524842111,True
-1.1723101905282975,1.2225938365652198,-1.1085057027320397,False
-1.9034343941264464,0.8706051172576887,0.4078334427996764,True
-2.1937352712071956,-1.3742248470996263,-0.9938455069762809,True
-0.8295053213138128,-0.5542380828748863,-2.396707099791566,False
0.39683712018638345,2.1745844502414062,-0.3648131768317356,False
-0.03703061835171625,0.14356326228912228,0.5435415154272191,False
-2.467545480365628,-0.5020599618907794,0.7347618500552829,True
0.6364097149071808,0.674312279209353,1.3204652119895777,False
-1.7946712314169608,0.16863370271455974,0.11962547586488421,True
0.691639474049671,-0.12914448020595087,-0.4315030024243518,False
-1.9632256465305584,0.8766996235783691,-0.3966572727026903,True
-1.674665620018753,-0.013801305664120068,1.6706476411115105,True
-0.19582210465732144,-0.14724970477097604,-0.5973809020376528,False
1.538865382543064,0.15991351686068736,-1.2535507380718396,False
0.8871122129756897,0.47081501995394687,-1.9493462579662997,False
0.68147708379541,-0.4937962565579799,1.499006028343807,False
-2.2353898692744223,0.43934298659860327,0.9566571469511223,True
-1.6724393146725691,-2.974482070230407,0.3011173049417718,True
-1.7362788525046664,1.3140700916352015,0.5294173128482523,True
-2.899495439947013,-0.8675468702716326,-0.7891201321513144,True
-1.752686865491719,1.1919187808648377,2.0993150426452227,True
-2.3559131084274987,0.6722490113290893,0.35323783122933755,True
-1.8410512154721672,0.9454993367156895,0.6566649207263429,True
-1.9095446592180538,-0.5853679408229229,-1.48061150537315,True
-1.7679932436090728,0.44370063874005583,0.47657380352362283,True
-2.1916672439255285,-1.4498012224500532,-0.4087189773522258,True
0.356379735916071,2.3947816206389376,1.9899342903345163,False
-1.9036356320980539,0.9574378235300605,-0.686250112812568,True
-1.9657884498439253,1.136996546911377,-0.20516479064235688,True
0.6979729712128677,-0.9334699230334076,1.7057219230936247,False
-1.707245250318558,0.5213671701565328,-0.3694669778032063,True
2.0378791084833128,0.006855906603990752,0.8338653414865602,False
0.8676411092526184,-0.20875481395581708,0.9739134014963189,False
-1.9333862445644519,0.7371230821616201,0.20428094770409932,True
-2.717315402888938,0.014646761649356146,-0.14177798036157507,True
0.5451781820439048,1.2005171746076455,0.45999149019406504,False
-0.23002471381626122,0.4416302521562396,-0.5235990826080144,False
-1.8910227439824059,0.6328062984170876,1.4062692915559551,True
1.6921310817522923,0.7972216704496498,0.5992372665725224,False
-1.8238490449475924,-0.671595221857871,0.002422260684885144,True
0.4290257364142914,-2.228674868535431,0.16149952805419374,False
-0.03870652421007099,-0.7914799447146412,1.453605864150462,False
-0.08206058364428889,-0.5360945651296181,0.5353824303600674,False
0.6091342252465566,-0.2689427429708734,-0.20223904043255145,False
0.5731553075608974,-0.1976739736025925,-1.3608343060805381,False
-2.293016837475518,1.0927747722934742,0.4074342745419368,True
-0.4894564949132838,1.1003843384807084,-0.8388903684311334,False
0.5280366941554945,0.6290216999234772,-0.7800500726783575,False
-1.7311837382736468,-0.5616017093034265,-0.5377248581030041,True
-2.166004514092865,-0.5719960343782517,0.35363854171213505,True
-1.6784732356024608,1.1336397602106572,-1.4738905095763464,True
0.6695719132900078,0.19259708844457252,-0.5590797098522592,False
-1.653864119425383,0.18659384808871435,-0.5461911248343793,True
-1.9808602658992929,0.6227988549808056,1.5729219839942077,True
-2.334771398143485,-0.7921640064190605,-1.523788436167601,True
1.595051996180757,-1.451656351926352,0.707382375153234,False
0.5760588680481119,-0.7423933217229715,-0.290571441488039,False
-0.35053330930921106,-1.4755862926846186,-0.057940804240841574,False
-2.750511287551589,0.7377534411189033,0.6629184881170997,True
1.0592074874873716,-0.9155238729039562,0.2321626521414112,False
1.7290473124243533,-0.7931292970397182,0.1218901493218039,False
-0.3919631970253995,-2.1967544721319423,-1.2168202645817283,False
-0.6517389745874803,0.4703251925140414,-0.6274460787906198,False
-1.9035369866604244,-0.3263775130344073,-2.6924869357171723,True
-0.6115341761630989,-0.9814675306984202,-0.1725858041829911,False
-2.875165492494978,-0.7490384986170895,0.5728089326327631,True
0.0483400562125026,0.7079495321983322,-1.248347358328555,False
0.24470663946461624,0.8570970560898522,0.27422878351161944,False
0.12825769787849856,-0.6752703165475401,0.7292682942883119,False
0.33833215899860447,-0.05302040304608146,-0.9844053678676763,False
-1.723714121226991,1.036743529351383,0.9710727265769533,True
-1.855847686474686,0.7200301278452208,-1.779234149898401,True
-2.1518155624312576,1.1612515691689804,0.5097716799775724,True
-1.6782872780694507,-0.7044432035532181,1.14074515657363,True
-1.653149308978772,-0.6203506902510589,0.4504038050873413,True
0.9124353879153916,-0.3597292538803173,-1.2915385635689434,False
2.516867052693188,-1.327476011704911,0.011863622778599385,False
-2.7678058133208916,0.9482824564636159,-1.4696678535391383,True
-2.4632126251427366,-0.5046087393876344,0.35987278320294497,True
-2.3865490447375612,-0.46413559511748215,-0.8258122738543698,True
1.8194730440766063,0.1426129612682228,0.4604873428164093,False
0.2030391796451494,-1.1492177080957915,0.39791193215114123,False
-1.6520119008706164,-0.7292092431786701,-0.2922295811772253,True
0.6068717438103056,-1.6372578797486217,0.9761680761997263,False
-1.7488195011215988,-1.9888696826052696,0.7141056635135236,True
-2.5144186243509554,0.32404997220188847,-1.0212096604010223,True
-2.283000053790937,-1.2809898297696543,-1.449888764625272,True
-0.5812043711205861,-0.017428105417072803,-0.1285137132494469,False
-1.1268891994284802,0.8314027178800878,-0.1983552451701353,False
0.01750586671619151,-1.8310202454413398,-1.4708800774050004,False
-1.9082903839848269,-0.15928652782038374,-0.34987587311958573,True
0.45386210825693873,1.4941752147114122,0.47035415237610295,False
1.3995318983300387,0.957017254959802,-0.2031489603299946,False
-1.827540326492273,-0.56256583834745,0.7635510322629928,True
-2.327179426224037,-0.1293236161187784,-1.2874529389691265,True
-1.6622410853553684,0.7220216663985504,-0.6976489845841748,True
-2.068541660663447,0.6623335465978897,-0.3000222290337343,True
0.11864761213986132,0.24259596196889638,1.1555279168083785,False
1.538259519934769,-0.48133488775199273,-2.0090230305516608,False
-1.9613263903629314,-1.8396641417939255,-1.0583352668562438,True
0.1306919516420254,1.854198070244767,1.038547132662727,False
-2.210545372745293,-1.3105919151813539,0.24162820258657683,True
-2.047030243311105,-1.4311100279375393,1.4464823427891793,True
-0.5238806891901986,-1.2348728413094205,2.139132971784691,False
-1.7519574809174856,-0.27497716043658993,-0.5455592693062832,True
-2.2441552348109077,-0.8188429398103939,1.0046127786697747,True
0.3243247467609558,-1.1351895680140156,-0.3560929968643607,False
1.3208556149923119,0.09515296870989173,-1.5729003965250006,False
-0.558310394244583,0.5320328904483413,2.2293284851880224,False
-3.1154815618173544,-1.653221752313936,0.4077488845446358,True
0.8741997599908748,0.15659766417793047,-1.380983323439657,False
0.1378334897686238,-0.7102700931596244,0.38858590280936955,False
-0.7414359068888957,-2.6063733165813616,-0.902418631452119,False
-2.4149181569652023,1.7632102776107634,1.10312610742838,True
0.1734481067050936,0.14919723271354984,-0.8139805300694789,False
-2.019941638858304,-0.15776709195920594,0.032410462260183584,True
1.0221515921134365,-1.006693553423871,-2.1296338415596883,False
1.1286101287161974,0.8071150864061624,-0.6317337954782788,False
0.5808012379079073,0.28110959635121996,-0.6108673712520117,False
-1.8635419874650279,-0.4959733986655273,0.807739475168868,True
-1.686874703322837,0.5300240434469735,-1.0643320712217204,True
-2.3977747199102954,0.26901925596710197,1.5350815558900506,True
-0.42219447599322585,0.03394805036292901,-0.6983863128898863,False
-2.3349308294548985,0.2564773391758518,0.6510187110431253,True
0.5606895678075575,0.9168409094321259,-0.763001407995597,False
-1.1270344233905503,-0.5347961501263339,1.9793909196481954,False
-1.9228180342183316,0.5761318739014911,-1.8535733849272384,True
0.2801323992679314,0.04432028660429786,-0.9119082604506036,False
-2.0776477462694354,0.8384093035179102,0.48351373450373913,True
-3.101939757267979,0.28440274781351793,-0.318907955714166,True
-1.825950209707787,-0.433260915406536,-0.5810925115974538,True
-1.7624208094924954,0.8438777466132632,-1.0927018629156477,True
-1.6536717028727692,-0.45221398884939434,-0.8674528367438017,True
-2.009602339714466,0.4281910964452179,0.19423814380715781,True
0.1303094689586034,-0.4607203581524759,-0.4083840651653689,False
-1.649961743461296,0.5805431545531531,1.2859342484769907,True
-1.1690783742752,-1.3238182455364134,-0.33572576169429313,False
-0.329916133214774,1.363136610626456,2.178970047198521,False
-1.8190395292237442,0.20381499135319953,-0.09212771471001865,True
-0.30452871626868083,0.2458437397571074,-0.6600462242294826,False
-1.8974380080834765,0.4407103929483838,-0.6124924463228008,True
-1.911211285413409,0.5492408404023984,0.1555057331069895,True
1.0543776836628018,-1.2401784774957025,-0.2657863177775198,False
-2.5348651745978197,-0.46946272021984875,0.653907116783062,True
-2.707994472309626,-0.4410708363156546,-0.16656139474580903,True
-1.3423566340536095,-0.5547161933674954,0.08360362235165057,False
0.1126033475476325,0.8991136800189079,-0.32009462019884816,False
-0.9189536092957153,1.1622234120606718,-0.5823164421538927,False
-1.726876856843251,-1.042215599599354,1.3443296029929666,True
-2.325676315688998,-0.41796966680064923,-0.7569626890021652,True
0.3625206225592414,-0.8874677062482274,-0.8903216701523289,False
-2.2155049495364887,1.6809027513891668,0.6362581090893521,True
-2.0305092378998797,1.1834758629278013,-1.8630515290439602,True
-2.2184374234113267,0.9070821969798161,0.10556003258104263,True
-1.189995402738196,-0.17345084780286268,-0.6099149007519458,False
-2.2071643360769655,-0.35768655129789745,-1.615020468750877,True
-2.5574386624345538,-0.45044135386199086,1.0473608642382082,True
-1.9597378000870553,-1.0786267138810706,-2.1177980846988653,True
1.1257094544448523,0.3663924277570238,0.6003640739596878,False
1.0954663912581837,0.9573598746364073,-0.41641861392250706,False
-0.6828070589675128,0.40540144645452386,0.042223402503278065,False
-1.6899630035300255,-0.6094019995616743,-0.5090532776735456,True
-1.8151850490287342,-0.11115957793959494,0.4078208032998411,True
-0.1951455667283987,0.27778394728428335,-0.26202020810925497,False
1.4560062309276078,0.7024278236191487,-0.4792180013770394,False
-1.9773870402134672,-0.21516750133516352,2.2094259301413173,True
-1.994323546350927,0.3954564806491226,0.878905518313295,True
-2.1350535089719824,1.2358449014273727,0.21525812458319704,True
-2.1345577908825657,0.4381619297532321,-1.5417404123666003,True
-0.4972135600603672,0.7538081831976782,1.1886393544057339,False
-1.6949954394381042,0.4939199253380657,-0.6584885646940449,True
1.8385085917284065,-1.1485486708408856,0.01707837935042658,False
-1.9523786838186363,0.06138443319098496,0.8913706602584844,True
-2.323425903954692,1.4781883946822212,-0.5582155823330505,True
-0.5138088327148901,0.36503225316542465,-0.40271656888234336,False
-2.1583961448691364,-1.086566420198193,-0.6776129906846886,True
-0.8966879002261011,0.5949077018312421,-0.6976932826214132,False
-0.7532369927719055,0.4305036609560961,-0.808386971348037,False
0.2715276477241465,0.7489397484018323,-0.5196200167971237,False
-2.3420129759812918,-0.5922959179525672,1.1394540341434949,True
-2.1258252567154794,-0.9833604280748435,0.0978823062151559,True
-2.042222442337638,-1.944461578692604,0.64626941513064,True
-0.3687484128605748,-0.8330632824304274,-0.994950057011537,False
-2.1691178258732657,-0.10848048516911155,-1.4533526994809622,True
-0.04814311168372031,0.5684440278834649,0.832313267970352,False
1.0474850772255122,0.20566911372982613,-0.47736213364157976,False
-1.6760623068921765,-1.9457163008210943,0.6158876832346163,True
-1.839816276667689,-2.320384263440303,0.8582590499830249,True
-0.6336117514697617,1.7099180304394381,-0.15979278670607588,False
-1.8958384096655403,1.383137454511931,0.23347340577687684,True
0.6939093268024826,-0.6315909489861374,0.959637834754421,False
-1.282519532265314,-1.4465649538467293,-0.9416432846782126,False
1.9910257609554691,0.24023507540735436,-2.172031476785953,False
1.424438976610603,1.6324526066895202,-0.8089516864012218,False
-1.6732276009089864,-0.6136366615432407,-0.2659117972128282,True
0.3868275126465775,-2.1208985207276383,0.4850500253199269,False
0.37324185414474204,-0.9265790016339066,1.4462755251948516,False
-2.00381764032788,-0.29057701423262233,-0.44601041046641543,True
-1.702124850972969,-1.316755621649352,-1.3059815346211374,True
-2.0442436196908846,-0.9027620911433643,-0.0782176259689873,True
-1.9189379619306446,-1.4274203120263114,-0.7244118682201458,True
-2.0399401035305607,0.6727747588688799,-2.27761588900939,True
-1.9037287622127177,1.0540070996707591,-0.14646117040181686,True
-1.8407087438102696,0.8254463525093684,-0.36101902438112865,True
0.7110090570932854,-0.7111393291779966,-0.2492521898307511,False
-2.2480811144270936,0.8216672333035778,0.35289514481577594,True
-1.7471564594275681,-2.4356562020710264,-0.027759429983365672,True
-2.0031274039853235,-2.5199465295008983,0.05160241541196506,True
-1.6555461162681828,0.5839148057546403,-0.4254856799948692,True
2.161682651143397,0.16449101735206648,0.6403125802740649,False
-1.489456385115432,-1.270657596146745,-1.4613748027513485,False
0.5397631764631491,-1.0357055920862557,0.6088913734781672,False
0.22006210300385362,0.06419067993827543,-0.3448006347757796,False
-1.658870698943545,-1.9667134758868077,-1.3383335510024938,True
-0.43763267177916293,-0.8689512857427508,-0.6112275656036887,False
0.9129145502833315,-0.052038778767800484,1.5126754919493988,False
1.2280067493363402,0.9495151937336355,0.5436743905872344,False
-1.0173445008382282,1.9190762382862148,0.45387242937250494,False
1.1603939871103044,-0.45087511179841033,0.9753522332800478,False
-1.727308290410305,-0.2681206512265848,1.1125785058860176,True
-0.21654849304611226,-1.175329220914731,0.6857374219290008,False
-1.692294860266168,0.057758729749912925,0.6462447886039576,True
-0.8340908694512669,-0.6221691126686261,-0.3198731750932231,False
-2.301009430130528,0.05434112306303112,0.5180667442010171,True
1.235761696711369,1.4354142850625267,-0.018203540101362155,False
-0.2622353726593051,0.5698720780843861,-0.5399911713324369,False
-1.9064207274542304,1.093618240566389,-0.48029185866128504,True
-2.542572881202447,1.24388254872111,-0.45732468525698927,True
-1.9430839737377454,-0.8702979948541886,1.3881277248785275,True
-0.101353786626861,-1.1825843671739773,0.8339074691758305,False
-0.9194279368284725,0.4792457263516897,0.03821949329776137,False
0.8770080131937904,0.45977225747786155,-0.12466508419752168,False
-1.7819417334654721,0.6461937612462921,1.173519889519572,True
-2.0498296674385865,0.15419172927080993,0.678996973225094,True
-1.937784625259309,0.8188494613817764,-1.0535007759319532,True
-2.7478314724773454,0.7129235947973661,-0.8196211897200821,True
-2.3834370100255375,-0.02653784463504409,0.18992606574815823,True
0.5542967689037767,0.08325541420092035,-2.0101273486888656,False
0.14330003216348147,-1.0288067006639723,0.37366211802097765,False
0.5584356601685166,-0.20959803481074582,0.1480121897725702,False
-1.6084763665310342,-0.4177830753742713,-1.542048750845698,False
-0.5831931485502105,0.1581818111951524,-0.4034578209109251,False
-0.9744208394514554,-0.5632898647952811,0.2739901073017146,False
0.26733330819491014,-0.11139097834516727,-0.7500363671706919,False
-1.8776666058807945,1.4174533001705356,-0.32362840508326335,True
-1.7423560639607165,1.0236232586237333,2.260406177524633,True
-2.37683745654731,-1.1187817069759363,-0.01406106288771474,True
-1.7903935957736368,1.057809676852405,1.2681397867735906,True
-0.8137608478061493,-1.5874453843461833,-1.440681392856185,False
0.4123888486148481,1.1906827307496441,0.3566306785151369,False
-1.9064207274542304,1.093618240566389,-0.48029185866128504,True
-2.438213355699417,-0.33383606433691754,-0.6013725654477091,True
-0.0216605084788468,2.0888945788513156,1.5232966657869473,False
0.2347953181656756,-1.2650380612503112,-1.0769181460110997,False
-0.18612155262346539,-1.2741602511710193,0.22080560641487143,False
0.9254931396501819,-1.7786261995032346,-0.6814960839668348,False
0.11195411950648959,-1.1570835535369945,0.753983912852394,False
-0.8472416278202265,-1.3436488469443149,0.14484294184857888,False
-0.22326782446221574,-1.5165242205946277,2.0263221397178746,False
-2.022978828790407,0.557751760472598,1.0309545525857802,True
-1.861144147063972,-1.2982412411641022,0.84445215385043,True
-1.6816995747096588,2.976131409795963,2.2793488326276132,True
-2.353406793868514,0.19472812601325143,0.14507241536233353,True
-1.8752695915151378,1.4974662759602968,-0.3368483521009337,True
-2.176905180835169,0.7065048600141236,0.14017886031287885,True
0.2565208620078254,0.2678589030030012,-0.2325975264284653,False
-1.7234081100508722,0.45284533624801676,0.49204801568381357,True
-1.2346354093836607,0.7757902511502639,0.22635382068682436,False
-1.731360091663892,1.979790128609745,-0.2682375079034494,True
-2.325676315688998,-0.41796966680064923,-0.7569626890021652,True
-1.9156033817646647,-0.44034281935679315,-1.0168789540107632,True
-2.3249410578207526,-0.6300299314683532,-0.3268888816609465,True
-2.813982446225339,0.8409047087832363,-1.5995840011380218,True
-2.0202552586002565,1.720764890230319,-1.1828636726017594,True
1.0698876199467937,0.24568086399168296,-0.9619228199346586,False
-1.178176269600478,1.0474445739352198,-0.8945021294955382,False
2.818821487660703,-1.062559805806907,0.7935402906080752,False
-1.3793417126424647,1.1067843452933006,-0.8641462162773388,False
-2.4673074016158263,0.46223088508221916,0.6125996834719392,True
-1.7068846423096555,-0.6080246031398145,0.13368692439441757,True
-1.2647476466129,-0.1068361099165517,-1.0224879655488046,False
-1.9331498822626132,-0.360747408214517,0.21097849087572773,True
-0.05747751907953948,0.48046241142621193,0.8791073791719318,False
-1.8799280974340105,-0.851491755536228,0.5383325178403747,True
2.627723329183471,0.033661665864441824,0.1528620435178873,False
-2.271616020936462,0.06689445625609658,0.04510103732516762,True
-2.5978801524222783,-0.3815964076276312,0.544241068401262,True
1.2803446812869899,-1.8430901827771453,1.196483055721847,False
-0.6053457738271835,-0.7281079017952953,0.6525045940511199,False
-1.2146475505192824,-0.2743810576202462,0.16465292535758838,False
-2.707994472309626,-0.4410708363156546,-0.16656139474580903,True
-0.8347749270464297,-0.06101818056875833,0.8496368342164053,False
1.397863219312855,0.5077246063517079,0.5471662712206294,False
-1.6517696066773817,0.5280387376786962,0.5273937588717823,True
-1.7237784521017592,1.1810584662958967,-1.003741083939033,True
-1.9065864877448793,-0.45184771440957155,2.4231025966170705,True
-1.8376079389690212,0.45341352522025186,-0.05250357394020746,True
0.09841162918094631,-0.5880193212021612,1.2620015170877537,False
-2.208603821921247,-0.4990296295332582,-0.6661130301693777,True
-1.7989887333366534,-0.8278195640229359,0.6641712276200291,True
-2.3929443941082664,-0.8388740062603859,0.5467259676175178,True
0.15968764938972782,0.6782854944872343,0.3383577282513755,False
-0.22902851313386038,0.7972574910253154,0.15915491999341286,False
0.4983540670488262,-0.8090197971232624,1.4244956882656212,False
-1.8751854816383107,-1.6114310189963146,0.4193201602600331,True
0.4199277979943014,-1.1196410943090496,-1.2042534971425416,False
0.3648977871296176,0.1471382775719865,1.516642900341041,False
-0.08127493368051496,2.5856897828457273,1.579612023749851,False
-0.6399611985235496,0.4835533014217546,-0.6010809713403161,False
-0.0500041578039703,-0.40822674890915367,-1.2405430332588412,False
-1.639776905859269,-0.0008242665851859025,-2.527624911590721,False
-1.0572010408642885,-0.17324512283659937,0.05091129601742421,False
-2.2634015254052855,-0.9237909913601556,0.2892268689314514,True
0.28773980129572174,0.21916811273793507,1.1283396047775143,False
-1.1007483750886953,0.47783671586486226,-1.3985733319308795,False
-2.3626903488478104,-0.8190345024538467,0.9874385577012197,True
-2.449262381564826,-0.1566661364092757,1.0451023387384013,True
-0.8051659890760295,-0.39207927948066595,1.3043457842733936,False
1.1321367856515405,-1.2835964499780201,2.060830722425981,False
1.249657157452051,1.5126531857481484,0.4162638796781263,False
1.1128439156776166,0.07916159287894692,-0.6317789640931878,False
-2.3833789748161105,-1.1280633318790552,-1.0414658100420207,True
-1.9759469610294,0.197239695821277,-1.1891744647376017,True
-1.6867294910719455,0.715867932782428,-0.6540878655282683,True
-0.809155190459418,-0.045601881222261824,0.10686653761759207,False
-0.8895313037556419,0.9694239178087992,-1.1420419043519512,False
-1.7820918852246481,0.11464868763229256,-1.324532909816431,True
-1.9494971494512632,0.3612320799608744,-0.4986393968163719,True
-0.1500368557584417,-0.21432217943025653,-0.10685702235615509,False
-1.8322250998630316,-0.021109587577471767,1.1890445545184947,True
-0.31205917915384174,-0.009185659334415138,-1.685949037525432,False
-1.9512603332470693,1.1061043934325665,-1.2150942012319774,True
2.440943628369013,-0.3364261947127877,-0.048151667253268075,False
-1.6754925747538052,0.8234391485457213,0.31180918381180195,True
-1.6843554304430053,-0.6281238831305311,0.7114640429819563,True
-0.46979779188997983,1.1813134545717023,1.9058462795547326,False
-1.6725369321599495,-0.6877435872486045,1.7384967896142454,True
-1.7369953369108806,-0.7822859384198791,0.5447699055233866,True
-2.5011649124467357,-1.5160940454875638,-1.3860901026172452,True
-2.2328872488079905,-1.5400539381454859,-2.181027597869815,True
0.8235825786801804,1.0064545175119075,-1.7401973885979432,False
-2.1089488549832502,0.29104169704333416,0.9608378358429325,True
1.8291149693110031,1.3515337589038465,-0.7725590309444483,False
-0.14562767436404694,0.6656481809455028,0.5458766433727046,False
-0.3671121711576226,-2.173686299601426,-0.49981523234063957,False
0.8094476744305246,2.9657352746404704,0.13458845756409343,False
-2.4068909436155743,1.7468667853301814,0.5397730729040974,True
0.027685810724564365,0.9386986147703332,-0.23080253917109927,False
2.0435916799864997,0.8256556867562675,0.6214192886548303,False
-2.427093512133,-2.495362517242934,0.498195333993059,True
-1.8764830184044212,-1.0884024261975798,0.05131230182693634,True
-0.2640992720705238,0.862262204120079,0.41998450500415224,False
0.8012120269450016,1.2990413077974925,-0.7747879522650569,False
-0.11522369727772984,0.9213789598194851,1.8281321255611098,False
-0.06577012942551222,1.0210572857796436,-0.8714648820738783,False
-1.9761555104669946,-1.516441776828322,-0.980536379496801,True
-2.2334043024947756,1.263915086675769,1.1570961534895683,True
0.46702574758427556,-0.3526404130076027,-0.04020108044311419,False
-2.3878141893908045,-0.6829020811408238,0.4516419529896792,True
1.811794834733393,0.5971879539062089,-1.257943239146665,False
0.8877595909832725,-1.067722637008264,-1.1648238990948099,False
-0.4283729811386638,-0.2937658718078053,0.2485954777777856,False
-0.2283268693587488,1.3367746397311684,0.9377656786490451,False
-0.7182660454914963,-2.117182906941269,0.2852814840754222,False
1.0435952611796804,2.0723043385879314,0.3154817331554636,False
-1.0990258025025563,0.16083860276113232,0.12868964216042553,False
-2.223074214351325,1.1293994099286788,-0.17629120355844624,True
-2.4321888697903318,-0.6178814330349206,-1.115803673236165,True
1.0474850772255122,0.20566911372982613,-0.47736213364157976,False
-0.09658434082243099,0.35580453797776407,1.3573175490219764,False
-2.257120531649635,0.6938768102521506,-1.1233528710149565,True
-2.010127319597742,-2.0381472524090456,0.6971703671234527,True
-0.9712246820799046,-1.7395413838729872,-0.1365418990655902,False
-1.7556376554748636,-0.05487574659245301,-1.630892555910728,True
-1.8541882801413478,0.49254600617672656,1.4092021700395565,True
0.25273969410299457,1.400919592957819,-1.1683814353175865,False
0.4384958772922893,-0.17800367773525091,0.9877544868615155,False
0.3429774444892964,0.5798508585169112,-0.31864950239561346,False
1.720012748860218,0.11189977988184077,0.4179108223381528,False
0.37297447645836085,1.3151515294888632,1.6338548471937226,False
-1.1926322872552462,0.2440155077901947,-0.5873050081098367,False
-1.8741229101062589,-0.416813839416769,-0.8392475277108026,True
-0.6230609183161491,-0.8544138196902545,0.726705705315121,False
-2.2547585586650785,0.32687817076204134,-0.2927094030388943,True
-1.6830090139332723,-0.840121077430211,-1.7056419136322343,True
-0.18798425125601217,1.3172332144541719,0.7162792410938873,False
1.8303174970829432,0.19129735994886712,0.17835729644013693,False
-1.0320215280181881,2.209271374233165,-0.8025275995929847,False
-2.062259793040871,-0.5672724446988107,0.2544187261585392,True
-2.4711007436833636,-1.0438834521936802,-1.4522989066999668,True
-0.6021623468220242,-1.2262831756562773,1.5899462865545517,False
-0.21835104675460063,0.025670665143042563,0.852253432540607,False
1.2158214849024713,1.0323002919722803,-1.918512671158748,False
-1.867224143739001,-0.7974250169356079,0.2894626542082663,True
-1.9650011264884495,-0.8718049237101726,0.02911336739962893,True
0.30825140113959976,-0.44283549300056657,-0.3577890734662195,False
0.27492731246369884,-1.2913404966781294,-0.41816327946512494,False
1.5152416588040147,2.2028274556799152,0.5338559046457193,False
-1.91173692472814,1.1834487255957182,-0.12139565231181353,True
-1.7083360036835367,1.2229181396408786,1.3000484644611294,True
-2.027844109883256,0.06344142011819119,1.1297045395675498,True
-1.5635964736607213,0.4374751160505652,-1.3351355353734573,False
-2.461157176147766,-0.9456932668611163,-0.6012124168553302,True
-2.884827875911983,-1.3333471917637545,-0.9177556871047878,True
-2.8608060246653935,-0.2591696288226805,0.09252426332639978,True
-2.1574753200392216,-1.0768694395842797,0.3053638428641794,True
-0.06853545085875153,0.49673943099711043,0.4495544853611839,False
-2.3474219693536353,0.1612592410888273,1.0921374224250202,True
-1.744259003478208,0.05410405887717801,0.07410148722079567,True
-0.7764829822583824,1.5828768218068203,-0.35367954125009105,False
-1.73290416578043,1.3959710073094052,0.10591067048107689,True
1.8440882432552235,-0.2472865210900571,0.6324968604902216,False
-0.5565263751188358,0.6847045516109973,-2.5546118762672645,False
-2.134728379512475,0.9371846199531719,1.274144454607878,True
0.6301695401070954,0.6969354071543825,-0.85791464591259,False
-2.2303830815036547,0.039949899623917706,0.8786167764422217,True
-2.210545372745293,-1.3105919151813539,0.24162820258657683,True
1.468660876905248,-0.9756198732970361,-0.39210102019670884,False
-1.8072304184257855,0.8808596097708282,-0.10882284852583683,True
-2.2386210573492633,0.7801830965520555,1.3448884232391245,True
-0.07132658532005295,0.39098948726556876,2.4814644034762012,False
-2.3055235843933457,-0.7072473433796366,-0.7920539281932915,True
-0.7900539622473274,0.012024857718291693,0.05019998767756921,False
-1.8792075423728722,0.051983589546553494,-0.7713968298326003,True
0.35688223744643444,-2.5419671539992215,-1.447115817146472,False
-1.8741229101062589,-0.416813839416769,-0.8392475277108026,True
-2.008510365600982,-0.01371358683951349,-0.9108310669425538,True
-0.7481456884717923,-0.4940396204163871,0.9639964879611147,False
-2.149081894996657,0.01934925006535021,-0.9010803900439398,True
-1.434509879231323,0.37362198722015183,-0.5691257569980909,False
-0.6399380657420886,0.006448199604685307,-0.3757454407978174,False
-1.0289178389834748,0.22466067472356135,-0.9224155175866464,False
-1.2318339740728648,0.7658232438750517,0.25311067476176596,False
-0.4271856753585737,0.6498693374813731,-0.5674740766120203,False
0.9337644044587562,1.3068301877493875,-0.6145097437646313,False
-3.1384096693728556,-0.35094304623265093,1.1880084271718696,True
-1.9282558737818265,-0.3899771718195573,2.003204869568699,True
-2.4071005844527704,-1.3858893166529034,-0.7344788359606076,True
-1.9926497769709086,0.5476079779913463,-0.37005557781805193,True
-1.9671733397807074,-0.41403414821320766,1.3338363007580538,True
-2.08104179862636,0.058859566619471615,0.8609999282665567,True
2.5624197341842145,-1.4986937634665516,0.626516708425656,False
-1.7030481503373898,0.3548891437686307,-0.851087921865724,True
-1.6479523458704224,0.13924545661242355,0.2433743161168295,True
0.14262250446026306,0.9327019605210758,0.36275238132166,False
-2.2942881196189338,-1.3574796013205628,-0.0421189431588098,True
-1.9284553552234875,-0.8981078995747919,1.1095414357848563,True
-2.2105075473915,-1.293739532047799,-0.44747203795175494,True
1.1070806254767775,0.9111785647567415,1.0551697179584918,False
-0.5422163770232685,0.09422700405099257,0.5806299730171482,False
-1.823804594205296,0.11284564496795114,0.3356367741384907,True
0.9621202682452847,-0.3771917966385055,-0.4588728000894216,False
-3.1006494842436503,0.8980840779874272,2.834442124666336,True
-0.319370476134681,0.05874842964027194,0.841600726899654,False
-2.04661045178112,-0.21964789871565904,0.9655277207426988,True
0.8088610077454448,-1.7684613166074306,-1.071102121009584,False
-2.0060424753561166,0.6268716277006827,0.6152213496027489,True
0.7657747339386611,-1.4485335835418929,0.5077818974962127,False
-0.09924471707661242,-0.34458003469067783,0.42695610846597754,False
-2.6250240034494685,-0.9215436641269766,-1.1682062389740286,True
-1.7470783775318108,0.3696457842007188,0.1261606732590245,True
-3.061703177292392,0.3175290824402402,1.5997268633792414,True
-0.9712471661177549,1.1659930948030157,-1.1594535566594328,False
-0.36314699334147255,-1.3898188112178496,-1.3563909218327934,False
-0.0748124228799974,-0.5114304184828087,-1.057621557858997,False
-2.583239055341043,2.066137693028252,-1.5961772856765948,True
-0.6264263723458297,-0.1915819951618512,0.9758226218537327,False
0.0734109378463256,-0.6421698880619663,0.2267328213200688,False
-2.132967709574567,1.1097639725749777,1.1406888287160495,True
-1.8407087438102696,0.8254463525093684,-0.36101902438112865,True
-0.6254037374651272,1.5081538583111833,-1.1019421939618577,False
-1.750319701970548,1.9553754149939424,-0.39976540435826324,True
-1.8250182199765002,1.085714199368498,0.4847892211625064,True
0.27676875910357557,1.360835329803414,-0.919471161591538,False
-1.9233649320577695,0.2556467617744332,-1.1452614174908533,True
-2.8938765602635375,-0.08546343064919099,0.12029749129214362,True
-2.3331736414142714,-0.29655059772631204,0.8892251323187362,True
-1.2017257763372284,-1.9598715022069764,-0.11473439887322957,False
1.0155373273383037,-0.32133200748814694,0.8972941643089596,False
-0.2073284762150124,-2.3627498068444543,-0.4731875217984433,False
-2.0912073844502133,-2.492224819013111,1.4979463184609274,True
-2.6756707763870518,0.047557305386097974,0.8823672141361941,True
0.21243180347268353,0.4492137929019364,0.886391025838342,False
-1.9091628644151206,1.2442730926245442,0.19143849029282498,True
0.12364334610592724,-2.242266699411337,0.6749656873226113,False
0.1869563776852761,0.7556432001377871,0.8476268996992634,False
0.36683575052724315,-2.6152126720879414,1.3886801250148455,False
-1.7149929677100992,-0.22460348555382384,0.26421748412046137,True
1.1597849957942734,-0.6130250461598967,-1.1155010567898218,False
0.759272817325807,-0.10046179537148339,-0.2879533568256273,False
0.35465671222696465,-1.9586462016494628,1.3980537851086043,False
0.17858367490050034,-0.2178933399105185,1.7160145864948293,False
-1.8919626883332694,0.8371849998887045,-0.5398597656921085,True
-0.31506150770715946,-1.3721187083917887,-0.3110233716224761,False
0.37205602994200426,-1.4101664449297588,-0.23969736693805954,False
0.3168754749076201,-0.3353003710351706,0.7330915096407045,False
-2.3242868844878446,0.30479074105846843,2.514465525302183,True
-0.15254479664938086,-0.47970387544748866,-0.29397318531716277,False
-1.10668384665206,0.046063498953385004,-2.3197679246916376,False
-1.820914948005586,1.3491558780536577,-0.2917646554741441,True
-1.9810867075258969,0.721756913075228,-0.34968716192089155,True
-1.5167071110087702,-0.8744250299951759,-0.7135615187475982,False
-0.8906656363422149,-0.5194661463520448,-0.06587114437446968,False
1.0206878858173578,-0.5830691007311641,1.2512211185087774,False
-0.2486954852205472,-1.6033215019424565,1.4539621971345726,False
0.3025428057330272,0.5457282479286752,-0.882092722358574,False
-2.201811661587847,0.6611421274472109,2.5098522309770908,True
-1.7743515517173662,0.9964051622215905,0.19682124599696257,True
-0.09602536561203988,-0.7250230698490556,-0.10724438166988058,False
-2.079344759613291,0.5278783338275733,0.4572476872212593,True
-1.7476482417802335,1.066233336655574,0.5086641656885439,True
0.37469038174652486,0.7537333701318735,0.7296509036999881,False
-1.9848651814190843,-0.8700441793350182,0.06299380287151024,True
-1.948795875223529,0.9001228639558052,0.5244817543656215,True
-1.0395722333732806,0.5011653197437275,-0.3077626354674784,False
-2.5490395125741214,0.007982001962955145,-0.18436546198366752,True
-1.7035739134173897,-0.13969144534021494,0.30284002055559855,True
-1.9508093259135608,-0.09942897550557533,0.8854987393913617,True
-2.4626785607214505,0.2648586183020395,-0.1952928073299937,True
0.7675169121701169,0.201054210069882,1.033527353645514,False
0.5161585013328123,2.3614705786419288,0.3761914233316885,False
-1.670249568930019,0.6661909131801503,-0.1604075943414876,True
-2.0037586421146445,0.827551659622725,-0.17536825673886194,True
-0.7756909075425643,-1.350004436605104,-1.0167200287563873,False
-1.6298170687709828,-1.005462205983218,-0.20063422071405235,False
-1.141153930695796,-0.6119467104915917,-0.24955938825827909,False
-2.199896213817897,-2.13390876272221,-0.3285302353888113,True
-1.458753481008511,-1.280731894106538,0.16572950488471522,False
-0.34646336269592265,0.9200015007001592,-0.4231450450812306,False
-0.6444406017946702,0.8604949763633715,-0.5485702760258994,False
0.2122091006906858,0.16643505707865897,0.45315500708660944,False
-1.7756419063257536,0.07042391701319188,-0.41423053928797227,True
1.172523158167344,0.34424725971695325,-0.40287805755252915,False
-0.8292297811224482,1.2944823432134298,-1.472388733922605,False
-0.15254479664938086,-0.47970387544748866,-0.29397318531716277,False
-2.072243396282266,0.5796732901605638,1.0949438847927984,True
-0.944401070953527,-0.5566752749346705,0.5493978990486139,False
-2.3160115878052494,0.23513233876958556,0.7507925026104368,True
1.2603322908346024,-0.7647425556609692,1.3285893135936893,False
-2.2081591581591367,0.7520263339042548,1.7818591825636783,True
1.1397615298793242,0.5766036215784874,-1.0184870584976549,False
-0.4106877467943103,0.18074154684301322,-1.0415015568722206,False
-0.1430260663196703,-0.30923852379627326,-0.8958568374760345,False
-0.7538627046909785,-0.11271953619377408,0.7801682014453246,False
1.101155850832407,1.6952225392198648,-0.7994589638890927,False
-1.8055627601944182,-0.716571908164081,0.6140415624061589,True
-2.020350209376171,1.4066864731241981,-1.4482572614733593,True
-2.4938955049025693,0.5230183802153986,-1.1944045000480201,True
-1.8442842973032796,0.5051736748222656,0.2706307591896544,True
0.3673862336314854,-0.5955019216543285,-0.08809878400601684,False
1.0549605325961702,0.23611553062068644,-0.29683275882116067,False
-1.4461342144198552,0.554994274684893,0.5281676922576674,False
-0.7008872847892862,0.12456360686525174,-0.4438999800646185,False
-2.062730091310156,-0.6112297657784608,-0.07278541859188876,True
-1.0768958852899477,0.5955478016689633,-0.4660568968319518,False
-0.6722618039217673,-1.0190122789415983,1.0564078088452888,False
-1.9124282282081744,-1.0061372056185063,-1.6689003590016462,True
0.4651833566394219,1.1076311913676544,1.4949751614384184,False
-1.7581368961303079,-0.026757947899728882,-2.2385037876365663,True
-2.3163856372286706,0.12804914460930308,0.40794753202799594,True
-2.1081136321137146,-1.281157006773104,0.46393068725664793,True
0.6269838129519211,-0.4566800888306024,0.7292844374619447,False
-0.19299126594322139,0.4566385822037958,2.5796749340572265,False
0.40307792924936153,-3.1951713326056685,-0.5513538535119655,False
0.5083394386442027,-0.6251438255633859,-0.3908992765465969,False
-0.2133258649421149,-0.33361410932197416,-0.8172303378349401,False
-1.9317753546100789,-1.2110886605917681,-2.0666734184228055,True
-2.895591381353432,0.3494743895120695,-1.0761029692828274,True
-1.9054580611920828,1.1785790584392413,-0.18627737575170134,True
-2.7806829774758346,-1.1800048478147105,0.14496518568920427,True
-0.2953770440204873,-0.3815218897515177,-1.6687976512715637,False
-1.0417526445715468,-1.6804261798760722,1.3449328715808453,False
1.1061679421909696,0.8064180803788109,0.2097938952945971,False
-1.3069131051130691,0.8505212641003624,0.6066530549882405,False
-1.9053598341585174,-0.6223078939838111,-0.9357482740812412,True
-0.4515688737386392,-2.0608750704818366,0.6617747114103186,False
-2.0198773497485676,0.5892298196858081,0.3600249333402543,True
-0.8308967418911634,-1.5777878656405027,-0.6933218252302579,False
-2.6493665690049055,1.2278850860120742,0.894283023204942,True
-1.9468215120110655,-0.11265417848104604,1.2280841405089704,True
1.1452808598247444,-1.3597996623255506,0.5904070769296205,False
-2.505999511713704,2.2607382123695716,-0.2952360508817284,True
-1.1070019562568583,0.43319727015420934,1.0827059061576836,False
-0.2935216914239831,-0.6370034978820811,-0.9844750206657779,False
-2.042938762577653,0.8454744511552498,-0.09212067653294427,True
-1.859250881722519,-0.36343710219225256,0.41981395547573586,True
1.9212314240504846,-0.28652434402117316,-0.3451647255343622,False
-1.7425664087831896,-0.06914527236307223,-0.3688585257735179,True
2.6698648438084125,-0.03659351586007057,0.8753285431868253,False
-1.7258201138363194,0.3704713073418133,-1.0990261357540483,True
-1.8612466013110944,1.1268686800761363,0.4459263861155449,True
-3.078462482216673,-0.8027205193075638,-0.677605875445577,True
-1.3553098342516943,-1.0138013491715256,-0.4753129558678564,False
-0.4650973872680039,0.208134923048308,0.022573614573572348,False
0.3403716708327211,-0.7482452109039787,1.332499809975745,False
-1.8162648811856834,-0.6680760366573709,0.8885209388003085,True
-0.9115045173226657,-0.00815436924261471,-0.9041232227348976,False
-0.4409537556628524,-0.7942845633906302,-0.13594269289855956,False
-1.215715455867781,0.4925956232428582,-0.23494554242871185,False
-1.951921670913136,0.33825140587809915,-0.6812720703502787,True
-2.365057723945145,0.37547563102944964,-1.1347243326753864,True
-0.4723410150639015,0.7711086594379508,0.19721006959909937,False
0.95562085685129,1.0552561308794897,-0.9723050087816578,False
-1.8157439805025073,-1.4343866274835835,1.0258447285608168,True
-0.16495904140060647,-1.795588042719169,-0.21625315029630943,False
1.92356156856353,-0.20141682730116237,-0.969033112539467,False
-2.062114700762622,-0.36314900995467564,0.9463897361227828,True
-0.2856752574439677,-1.2084447473377466,-0.07302882669079078,False
-0.8973678420832883,-2.5577703074619027,-0.503519770723003,False
-2.5102962856022746,0.7571593166462374,-0.4814707457056469,True
2.147261458754665,2.2698259068146154,2.6208476994748664,False
0.8013354457204168,-0.6437619496024123,-0.0026795945351168163,False
-2.1978931489579385,1.5734584186999057,1.2978745620242493,True
0.7804283616081037,2.7484272151676157,-0.4594820727643528,False
-1.6547097429282625,0.4820923015083964,1.0610437733303795,True
-1.7946712314169608,0.16863370271455974,0.11962547586488421,True
-2.6862937364895236,1.0882187501706866,-0.32188982226200896,True
-1.7120562886888204,-1.6869467309725614,0.29099303879870797,True
1.4816638982192314,-1.8205969864629086,-0.09429039771571837,False
-2.37683745654731,-1.1187817069759363,-0.01406106288771474,True
-2.3967471460423613,0.40366991287594123,-0.2563581254274112,True
0.982163619544378,0.3746985102518912,0.544732942222393,False
-1.6601677046764205,1.0688801668603203,-0.4909508914840669,True
-0.19053633163209333,-0.05026605642569985,0.3482852621428261,False
-2.001418329900836,-0.16797852750005252,0.8314144688952572,True
-2.3514230014447484,0.11020969092451251,-1.247843624321715,True
-1.3442843753020461,-0.4676998296969989,0.548606544076531,False
-2.344125519176003,-0.8346459316158485,0.4381240261799455,True
-1.7408076138703106,-1.5473402661484883,0.32031852333093463,True
-2.0398632900595652,2.1869883706591255,-0.25096420119051005,True
-2.3756726215875115,-0.286692997275075,-0.04837257506966512,True
1.5229367179123199,-0.8507069653381133,-0.7977241253745587,False
-0.21255643705436664,0.6045379729973775,-0.07318883813839244,False
-0.9931049814717418,-0.6860639461370455,-1.9321194329394886,False
-1.3388329242138948,1.5342987478830648,0.42989484431810665,False
-3.1533896331375524,-0.29777328390913865,-0.41559924295991213,True
-2.567505808808623,-1.614823615296808,-1.8633419154012816,True
-0.2520606338229601,-0.380814073140675,1.267340262682841,False
1.3017831646036833,1.1891895243440547,1.9194333403271684,False
-0.7773041152279349,0.2588970992252181,1.3572597580915706,False
-1.8188251093251921,0.6393449824200729,0.5162133005088757,True
-2.289819787838945,1.17724132812751,-0.714799901826501,True
-1.651434351326737,0.33151840806921007,-2.050026422502551,True
-1.5079653562880568,0.5137282200045101,-0.23179999399418624,False
-2.2678898447470592,0.44122665211143336,1.532617300542376,True
-2.1103573544627143,1.0771447282380047,0.5528727501653727,True
1.689612268746957,-0.6199134098149599,-0.3884749314490479,False
-1.7362788525046664,1.3140700916352015,0.5294173128482523,True
-1.8172790717795637,0.4941532419057915,1.3076882243181844,True
-1.3379536114892123,0.39146287267995844,-0.06497193577513138,False
-1.7909048486757753,-1.9978347792493454,1.861469501062715,True
-2.9579378078310596,1.9818036345121794,0.5220254182989271,True
-1.8761976246579104,0.41145596168984894,0.28124954075377606,True
-1.73475588662531,0.3068225039059405,0.42068682878128516,True
-2.6796264439984063,0.6967025782431597,0.4318738038678047,True
0.6423056794427441,0.7432346020884445,0.08797907185373986,False
-1.8909153960115932,-2.392033004205979,0.20369359839402643,True
-1.8084480603982007,-0.41993598172786245,0.344028005984003,True
-1.6660804792639239,-0.07515446817504451,0.04198887388510029,True
-0.6789141867901329,-0.29029593950290417,-0.9181338447694005,False
-2.0078632964025633,0.7842546124687167,-0.9461934754079508,True
0.011008465003867056,-0.23808784419088785,-0.7114743885921593,False
-0.38458035636944105,0.6385615469208213,-0.33876120604861426,False
-2.467545480365628,-0.5020599618907794,0.7347618500552829,True
-0.28544729453422585,1.6733800071876836,0.4942313712264564,False
-0.43712451770416544,-0.588981159572428,1.0420719942943446,False
-1.7054670276675827,-0.3636931045322015,0.3101656257371739,True
-2.143598817220256,0.09379133560315343,-1.5497308004295784,True
-0.8459243258844429,-0.8253957497148808,-1.9728193146102613,False
0.556603676516713,0.7623964713646008,1.638949566456317,False
-1.689236711575065,-0.3968054470189234,-0.31011828538021424,True
-1.757457967473162,-1.5433437572238193,-0.6637747057250121,True
-0.5495351369175504,1.3317090826867206,0.4651867323434409,False
-1.7348490245623451,-0.9679934462966381,0.461974969895299,True
-1.663104259563229,1.662964426865134,1.3621606562409483,True
-2.305991510172907,-1.7595919117214691,-0.4477694960240873,True
-1.9091628644151206,1.2442730926245442,0.19143849029282498,True
-1.7256025040900178,1.3304787406805216,-0.15001806513757912,True
-2.554301156411199,-0.578169002427979,-1.1942376719459202,True
-0.4292661565302266,-0.49624654255616046,-0.4164374633047036,False
2.374135008490878,-0.13457414955260316,0.7911128333571934,False
0.021522637165202984,0.9603689429737046,0.34331888093723334,False
-1.68842841947431,0.13966302276709155,-1.534221201468341,True
-1.8399571709892308,-0.7526798471812682,-0.8747446346970743,True
-2.1544523309870556,1.059882740288737,2.1115733103239664,True
-1.768589624631608,0.9989934523256934,-0.20507550758165785,True
-0.33268927977817486,-1.1423440910275873,-0.4792512818872163,False
-1.7778973487700007,-0.09386378395517109,2.0202851919967215,True
-0.2010835686540382,-0.8448183794591455,-1.1386226024696189,False
-2.6171421549675737,-0.36199047434271237,-0.07840766014662941,True
1.0730783394129983,-1.031419911948745,-0.7524814291221259,False
-1.274389253796896,-0.857715071521522,0.4556213176569318,False
-2.008510365600982,-0.01371358683951349,-0.9108310669425538,True
-2.0537930948165033,0.5146482441539589,1.2294315601035328,True
1.329034129377684,-1.8345950944952254,0.7520637385815593,False
0.9442439148421665,3.7203622845096223,1.0886802202853563,False
-2.176905180835169,0.7065048600141236,0.14017886031287885,True
-1.8008234816834716,-0.08243206851622363,0.15912612655338632,True
-0.14601609231562765,-0.4585338532365036,0.6482279601463141,False
-1.6741823707479138,1.2504586416574868,1.8076009559362547,True
-2.9134148732701113,-0.1681158181361075,0.28653423340211903,True
0.05710528872452884,-0.21861304054780262,0.28698440724532903,False
-2.4535726333247427,-1.7632228678114146,-0.7084801720406485,True
0.17859373860433878,0.6910952894072679,-0.4639597967606081,False
-1.8095941252850898,0.1668138773593109,-0.8804658012788317,True
-0.5411972208966611,-0.3224956570286862,-0.6852463239085544,False
0.7980072867130121,-1.4194765686439834,2.2350176059350204,False
-0.7330621742878339,-0.3834063254192612,-0.9396596851309088,False
-2.01667014404849,1.4906953388362598,-1.1074046148040728,True
1.1560956368040722,2.0247487511310736,-0.4152994246295617,False
-1.9910162594868606,0.6460796037758837,0.4091864641905909,True
-0.6575005124160856,-0.7890116305033259,-0.44993005006996223,False
-1.9759469610294,0.197239695821277,-1.1891744647376017,True
-1.759701603128844,0.41904173629007124,-0.08695350860762584,True
1.6539881129171654,0.8718520402607528,1.6093989751856075,False
-1.7436834715149963,-0.276985689611075,-0.3282957895160314,True
-1.4571776782623629,0.24002898046145105,1.2671756088087989,False
-1.2565292006268705,-0.9629818751934653,1.904897436320828,False
0.15018829241893702,-0.9370399587302636,-0.7299535231221176,False
1.158442014139236,-0.4232052659513066,-1.4878689707368538,False
0.471633352083017,-0.9200969452741922,-3.4840020183129945,False
0.19745195916367714,-0.5879816369812235,0.5979316081004301,False
-1.312768050845807,-1.622414101519934,-0.8770775644230373,False
-2.489646557679925,0.32869699978306777,-0.28298755506578244,True
1.1363765076487837,0.5459378268191332,-0.9254207200264879,False
-0.0500830361603464,0.7633067911852676,0.39880929863648223,False
-0.0020448447994195753,1.9855799535306051,0.032634273126296826,False
-1.22459278161841,0.11700578658563426,-0.5956247830585495,False
-1.8741229101062589,-0.416813839416769,-0.8392475277108026,True
0.9499071438350467,0.5336113926986129,-0.7312569280017199,False
0.11104001325806936,-0.061795691578890075,-0.3150950634703442,False
0.8155722036899155,0.4356565925435462,0.4599571711169707,False
1.9609378950654197,0.6612293111221063,0.5641251247095747,False
-1.8157439805025073,-1.4343866274835835,1.0258447285608168,True
-2.2385051360453914,-0.3160126260298792,0.497733275356875,True
-2.178296637937968,-1.1829601648373163,-0.9804941457748784,True
-1.6629496461495068,0.5744535209808687,-0.6905561790034794,True
-1.738916804820363,0.29092245312859466,-0.33588706317139577,True
-0.6232169747739065,0.6341267915798223,-1.2673907854598845,False
-0.03703061835171625,0.14356326228912228,0.5435415154272191,False
-2.5303261084097173,0.8851041109183465,-0.18214208674149684,True
-1.8301048604692687,1.1764303215871081,-1.0354366407695974,True
-1.6550923064647654,-0.06871352426444849,0.767596209494447,True
-0.44190745330089154,-0.4286447765466599,-1.525708020698921,False
1.1518101141840886,0.4620812734800024,0.38763066301646154,False
-0.9287812332371106,-0.4911514558613819,-1.3485795452173077,False
1.958886585233276,-0.20628162382541992,-1.2732945467040213,False
0.3938029539085985,-1.1602840364029012,-1.8443211957845493,False
0.8378254268026575,1.2134845143115032,-0.7082341244934968,False
-0.8548965765379253,0.36359237224358226,-0.0160719018431922,False
-1.6520119008706164,-0.7292092431786701,-0.2922295811772253,True
-0.9393711242816494,-1.8473882787859137,0.8529544986682949,False
-1.7399788900049518,0.34410591342497043,0.9426887765564057,True
-0.4850380494727433,0.9123472612900643,0.6515391279023729,False
0.7484685602806528,-0.37472880808427106,-1.3391187811240381,False
-1.7112140915680696,-0.2410019688846373,-1.0250681215220154,True
-0.012785823005117838,-0.5494688311623963,0.8177289579449813,False
-1.6925066865297151,-0.24031271201222837,-2.098174671681421,True
0.4278899682654143,-0.954257662412929,-0.8485512242134261,False
-2.027844109883256,0.06344142011819119,1.1297045395675498,True
-2.366459058317719,0.36816600771656066,0.6793675392629875,True
0.42869899853441257,0.8164691851014199,1.0378136712017838,False
-0.26900241460278684,-1.9336419764279262,-0.6408639403757053,False
-0.009955109124757363,-0.5153232380551649,1.200942836563986,False
-1.8581943676374082,-0.3737758718593851,-0.8099225980341964,True
-1.6764338052595436,-0.1305063920704146,-0.3247463222378234,True
0.49750659852945106,-0.4042286422729224,2.4012340014054137,False
-2.875165492494978,-0.7490384986170895,0.5728089326327631,True
-1.8919626883332694,0.8371849998887045,-0.5398597656921085,True
-0.34872592715640566,-1.285082977653216,-1.4413886343675917,False
0.07450758270579472,-0.9499910977636592,0.40142894845489274,False
-0.35672823348456106,0.3908465792955239,-0.08487362788513188,False
-2.478487746626796,-2.2047075262521663,2.1685882307509035,True
0.39576555095918703,0.21563789972947037,-1.1811663013093356,False
-0.8923785645697404,-0.46438192990579485,-0.5840716811374258,False
-0.3465646441090069,0.13701240018233138,-0.6629790545548034,False
-1.8162648811856834,-0.6680760366573709,0.8885209388003085,True
-0.12253210952258428,0.31111333867839797,1.6085432217801758,False
-0.14908065724790717,0.579020985063111,0.7563361262772917,False
-1.7171143913737195,0.6363770430149704,0.83744029545639,True
0.8845746702874957,-1.6793681618787655,0.5949275162556612,False
